,Date,Adj Close,daily_return
0,2017-01-03,29.332704544067383,
1,2017-01-04,29.601791381835938,0.009173611569444517
2,2017-01-05,29.40838432312012,-0.0065336268410598475
3,2017-01-06,29.50928497314453,0.0034310164378899
4,2017-01-09,29.22760772705078,-0.009545376865284783
5,2017-01-10,29.18976783752441,-0.0012946625628668107
6,2017-01-11,29.37054252624512,0.006193084156302042
7,2017-01-12,29.24862289428711,-0.004151085457446579
8,2017-01-13,29.278051376342773,0.0010061493206714456
9,2017-01-17,29.378965377807617,0.003446745829074782
10,2017-01-18,29.41679573059082,0.0012876679725344342
11,2017-01-19,29.20237922668457,-0.007288914328737572
12,2017-01-20,29.46303939819336,0.008925990909350423
13,2017-01-23,29.15613555908203,-0.010416570909861589
14,2017-01-24,29.353734970092773,0.006777283999463091
15,2017-01-25,29.622804641723636,0.009166454350868936
16,2017-01-26,29.664852142333984,0.0014194301018723987
17,2017-01-27,29.54292297363281,-0.004110223375331512
18,2017-01-30,29.576557159423828,0.0011384853767191228
19,2017-01-31,29.425199508666992,-0.005117487134861154
20,2017-02-01,28.227012634277344,-0.04071975362602831
21,2017-02-02,28.5170955657959,0.010276784698296293
22,2017-02-03,28.84502220153809,0.01149929995449872
23,2017-02-06,28.97956085205078,0.004664189528878815
24,2017-02-07,28.99637985229492,0.0005803745726169485
25,2017-02-08,29.278051376342773,0.009714023801683735
26,2017-02-09,29.38736915588379,0.003733779210092658
27,2017-02-10,29.42099952697754,0.001144381823203089
28,2017-02-13,30.025924682617188,0.02056099946859269
29,2017-02-14,30.051294326782227,0.0008449246587141079
30,2017-02-15,30.03437614440918,-0.0005629768285211334
31,2017-02-16,30.11475372314453,0.0026761860592303677
32,2017-02-17,30.07667350769043,-0.0012645036318140734
33,2017-02-21,30.2120418548584,0.004500775231454979
34,2017-02-22,30.1020565032959,-0.003640447477561426
35,2017-02-23,30.33894920349121,0.007869651702014924
36,2017-02-24,30.334726333618164,-0.0001391897209334081
37,2017-02-27,30.597003936767575,0.008646117333148462
38,2017-02-28,30.60545539855957,0.00027621860654925
39,2017-03-01,30.871950149536133,0.008707426421405318
40,2017-03-02,30.53777313232422,-0.010824616378079188
41,2017-03-03,30.571611404418945,0.00110807922857048
42,2017-03-06,30.53777313232422,-0.0011068527480313506
43,2017-03-07,30.43624687194824,-0.003324612437719421
44,2017-03-08,30.410865783691406,-0.0008339099220615598
45,2017-03-09,30.49546241760254,0.002781789723214745
46,2017-03-10,30.46586036682129,-0.0009707034566612815
47,2017-03-13,30.47855567932129,0.00041670618676592497
48,2017-03-14,30.38971328735352,-0.0029149147650735507
49,2017-03-15,30.60545539855957,0.007099182185961395
50,2017-03-16,30.62661361694336,0.0006913217956816542
51,2017-03-17,30.681596755981445,0.0017952732132182625
52,2017-03-20,30.55892944335937,-0.003998074598192458
53,2017-03-21,30.207813262939453,-0.01148980631244656
54,2017-03-22,30.30510711669922,0.0032208175054873056
55,2017-03-23,30.45740127563477,0.005025362832379754
56,2017-03-24,30.453161239624023,-0.00013921200867972328
57,2017-03-27,30.38971328735352,-0.002083460294031725
58,2017-03-28,30.588533401489254,0.006542349125040037
59,2017-03-29,30.27973175048828,-0.010095340203069014
60,2017-03-30,30.59276580810547,0.010338072351388616
61,2017-03-31,30.63506317138672,0.0013825936349318724
62,2017-04-03,30.7365837097168,0.0033138674388275557
63,2017-04-04,30.715444564819336,-0.000687751934213221
64,2017-04-05,30.53777313232422,-0.005784433043779513
65,2017-04-06,30.859264373779297,0.010527658322105449
66,2017-04-07,30.838111877441406,-0.000685450439831703
67,2017-04-10,31.113080978393555,0.00891653490476152
68,2017-04-11,31.197683334350582,0.0027191892701265985
69,2017-04-12,31.02848243713379,-0.005423508386935061
70,2017-04-13,30.880416870117188,-0.004771924225317692
71,2017-04-17,31.104610443115234,0.007260056557558903
72,2017-04-18,31.252674102783203,0.004760183701344012
73,2017-04-19,31.12153625488281,-0.004196052071227863
74,2017-04-20,31.375356674194336,0.008155780525509915
75,2017-04-21,31.29920196533203,-0.00242721412390956
76,2017-04-24,31.57840347290039,0.008920403398067878
77,2017-04-25,31.730682373046875,0.00482224822661359
78,2017-04-26,31.641849517822266,-0.002799588555336796
79,2017-04-27,31.74760627746582,0.003342306510369708
80,2017-04-28,31.675689697265625,-0.0022652599245329696
81,2017-05-01,31.489564895629883,-0.00587595103420302
82,2017-05-02,31.734909057617188,0.007791284598579917
83,2017-05-03,31.62493705749512,-0.00346533213384681
84,2017-05-04,31.468416213989254,-0.004949285534428305
85,2017-05-05,31.451492309570312,-0.0005378060434899634
86,2017-05-08,31.44303321838379,-0.00026895675102667216
87,2017-05-09,31.24421119689941,-0.006323245601131511
88,2017-05-10,31.485336303710938,0.007717433008372909
89,2017-05-11,31.286518096923828,-0.006314628653455889
90,2017-05-12,31.062314987182617,-0.007166125327422002
91,2017-05-15,31.189224243164062,0.00408563418514718
92,2017-05-16,31.19344711303711,0.00013539515571547867
93,2017-05-17,31.142698287963867,-0.0016269066028304913
94,2017-05-18,31.184986114501957,0.0013578729160546033
95,2017-05-19,31.248445510864254,0.002034934251030185
96,2017-05-22,31.44417762756348,0.006263739315646166
97,2017-05-23,31.54203414916992,0.0031120712637324743
98,2017-05-24,31.414384841918945,-0.00404695862820037
99,2017-05-25,31.7888240814209,0.011919356097092937
100,2017-05-26,31.844146728515625,0.0017403175075940691
101,2017-05-30,31.971778869628903,0.004008025154556449
102,2017-05-31,32.07390594482422,0.0031942881755737673
103,2017-06-01,32.30793380737305,0.00729651895068284
104,2017-06-02,32.30793380737305,0.0
105,2017-06-05,32.23561096191406,-0.002238547531085988
106,2017-06-06,31.822864532470703,-0.012804051703285912
107,2017-06-07,31.882436752319336,0.001871994263365151
108,2017-06-08,31.997316360473636,0.0036032254700839594
109,2017-06-09,33.18870544433594,0.037234031455651184
110,2017-06-12,33.02701187133789,-0.004871945766888652
111,2017-06-13,33.146148681640625,0.0036072536857663096
112,2017-06-14,33.231258392333984,0.0025677104001076145
113,2017-06-15,33.10361099243164,-0.0038411846579903264
114,2017-06-16,33.35039520263672,0.007454903039475047
115,2017-06-19,33.724822998046875,0.011227087209465969
116,2017-06-20,33.49080276489258,-0.006939109307344649
117,2017-06-21,33.175933837890625,-0.00940165361852785
118,2017-06-22,32.89937210083008,-0.00833621559567621
119,2017-06-23,33.01850509643555,0.003621132805828209
120,2017-06-26,32.98021697998047,-0.0011595956977231703
121,2017-06-27,33.090843200683594,0.0033543205846788826
122,2017-06-28,33.320613861083984,0.0069436326843326235
123,2017-06-29,33.01850509643555,-0.009066722657270043
124,2017-06-30,33.052547454833984,0.0010310084693117005
125,2017-07-03,33.36741638183594,0.009526313438690925
126,2017-07-05,33.316349029541016,-0.0015304556909812028
127,2017-07-06,32.98872756958008,-0.009833654332005004
128,2017-07-07,33.18019485473633,0.0058040215328829525
129,2017-07-10,33.039791107177734,-0.004231552833649288
130,2017-07-11,33.0355339050293,-0.00012885075860880058
131,2017-07-12,33.039791107177734,0.00012886736326644943
132,2017-07-13,33.146148681640625,0.003219075269510041
133,2017-07-14,33.13338851928711,-0.0003849666661449591
134,2017-07-17,33.08233642578125,-0.0015408050847603993
135,2017-07-18,33.13338851928711,0.0015431828287095772
136,2017-07-19,33.14189910888672,0.00025685841321831937
137,2017-07-20,33.052547454833984,-0.0026960330112396624
138,2017-07-21,33.00574493408203,-0.00141600343561743
139,2017-07-24,33.02701187133789,0.0006443404715854584
140,2017-07-25,33.214229583740234,0.005668624007878265
141,2017-07-26,32.912132263183594,-0.00909541857037477
142,2017-07-27,32.81427383422852,-0.0029733238847164944
143,2017-07-28,33.775901794433594,0.029305172653310452
144,2017-07-31,33.93332290649414,0.004660752302592552
145,2017-08-01,34.41839599609375,0.01429488915471877
146,2017-08-02,34.53326797485352,0.003337516913130223
147,2017-08-03,34.45243453979492,-0.0023407409665793244
148,2017-08-04,34.53326797485352,0.002346232890022115
149,2017-08-07,34.50774383544922,-0.0007391174047846061
150,2017-08-08,34.56731414794922,0.0017262882437072413
151,2017-08-09,34.7928352355957,0.006524113695418832
152,2017-08-10,34.38860321044922,-0.01161825480473988
153,2017-08-11,34.35881805419922,-0.00086613451752382
154,2017-08-14,34.57158279418945,0.006192434782087419
155,2017-08-15,34.57581329345703,0.00012236926763709022
156,2017-08-16,34.38860321044922,-0.005414480967342539
157,2017-08-17,33.96736145019531,-0.012249458277674652
158,2017-08-18,33.97161865234375,0.00012533214140519888
159,2017-08-21,34.09996032714844,0.0037779087337022066
160,2017-08-22,34.2967529296875,0.005771050776923747
161,2017-08-23,34.24968338012695,-0.0013724199972238171
162,2017-08-24,34.39085388183594,0.0041218045767656974
163,2017-08-25,34.61332321166992,0.006468851590552882
164,2017-08-28,34.56626510620117,-0.001359537342917827
165,2017-08-29,34.95556640625,0.011262463527741406
166,2017-08-30,35.10528945922852,0.004283239219712742
167,2017-08-31,35.31491470336914,0.005971329317312035
168,2017-09-01,35.46464157104492,0.004239762970785099
169,2017-09-05,34.87427520751953,-0.01664661864247896
170,2017-09-06,34.94272994995117,0.0019629007921828645
171,2017-09-07,34.45931625366211,-0.013834457038172432
172,2017-09-08,34.72882843017578,0.007821170174409087
173,2017-09-11,35.28069305419922,0.015890677830753486
174,2017-09-12,35.18229675292969,-0.002788956019610267
175,2017-09-13,35.096736907958984,-0.0024319004973312186
176,2017-09-14,35.12668991088867,0.000853441247493647
177,2017-09-15,35.42613220214844,0.008524637306259297
178,2017-09-18,35.571590423583984,0.004105958296704015
179,2017-09-19,35.78121566772461,0.005893052338802551
180,2017-09-20,35.901004791259766,0.0033478215119226995
181,2017-09-21,35.77693557739258,-0.003455870235069103
182,2017-09-22,35.90956115722656,0.0037070134066425897
183,2017-09-25,36.04645156860352,0.0038120881170782273
184,2017-09-26,35.73843002319336,-0.008545128077972919
185,2017-09-27,35.84110641479492,0.002872996702287356
186,2017-09-28,35.20795822143555,-0.017665419868233112
187,2017-09-29,34.81866455078125,-0.011056979453505589
188,2017-10-02,35.06679153442383,0.007126263653239651
189,2017-10-03,35.17802429199219,0.0031720255176230783
190,2017-10-04,35.130950927734375,-0.0013381469029382087
191,2017-10-05,35.289241790771484,0.0045057380701911676
192,2017-10-06,35.19511032104492,-0.0026674268119634137
193,2017-10-09,35.32774353027344,0.0037685123876201043
194,2017-10-10,35.77266311645508,0.012594056164396017
195,2017-10-11,35.883888244628906,0.00310922135742997
196,2017-10-12,35.90956115722656,0.0007154440015708641
197,2017-10-13,35.93950271606445,0.0008338046434706037
198,2017-10-16,36.01223373413086,0.002023706856519647
199,2017-10-17,35.83254623413086,-0.004989623840792157
200,2017-10-18,35.83254623413086,0.0
201,2017-10-19,36.12772750854492,0.008237797908229538
202,2017-10-20,35.871055603027344,-0.007104568242131237
203,2017-10-23,36.072113037109375,0.005605004667469604
204,2017-10-24,36.1747932434082,0.0028465259629564255
205,2017-10-25,35.96516799926758,-0.005794787622699804
206,2017-10-26,35.77693557739258,-0.005233742321983148
207,2017-10-27,35.90956115722656,0.0037070134066425897
208,2017-10-30,35.86249923706055,-0.0013105679559813899
209,2017-10-31,35.88816833496094,0.000715764334513036
210,2017-11-01,36.05928039550781,0.00476792403975046
211,2017-11-02,36.11062240600586,0.0014238223817810702
212,2017-11-03,35.92667388916016,-0.005094027867409534
213,2017-11-06,36.17906951904297,0.007025299103988525
214,2017-11-07,35.853946685791016,-0.008986489635418149
215,2017-11-08,35.93095397949219,0.0021478052158674377
216,2017-11-09,35.96944808959961,0.001071335599087897
217,2017-11-10,35.69565963745117,-0.007611694554401582
218,2017-11-13,36.10634231567383,0.011505115254734744
219,2017-11-14,36.24396514892578,0.003811597199426364
220,2017-11-15,36.31708908081055,0.0020175477926960284
221,2017-11-16,36.26117706298828,-0.0015395511930444972
222,2017-11-17,36.06332778930664,-0.0054562286640050806
223,2017-11-20,36.42032623291016,0.009899209681625054
224,2017-11-21,36.59235000610352,0.004723290288320303
225,2017-11-22,36.57944107055664,-0.0003527768931137487
226,2017-11-24,36.55793762207031,-0.0005878561251072556
227,2017-11-27,36.74717712402344,0.005176427180040966
228,2017-11-28,37.10415267944336,0.009714366744828062
229,2017-11-29,37.49983978271485,0.01066422690446478
230,2017-11-30,37.69338607788086,0.00516125658902733
231,2017-12-01,37.67618179321289,-0.000456427146991345
232,2017-12-04,37.90843963623047,0.006164580166120093
233,2017-12-05,37.7794075012207,-0.00340378386047957
234,2017-12-06,37.68048477172852,-0.0026184298811193774
235,2017-12-07,37.82241439819336,0.0037666613719185005
236,2017-12-08,37.91702651977539,0.002501482866375415
237,2017-12-11,38.05466842651367,0.0036300817699008725
238,2017-12-12,38.17509078979492,0.00316445703669177
239,2017-12-13,38.0589599609375,-0.0030420576992699067
240,2017-12-14,38.02886199951172,-0.0007908245904951761
241,2017-12-15,38.39014434814453,0.009500214564334142
242,2017-12-18,37.97294998168945,-0.010867225782526746
243,2017-12-19,37.83961868286133,-0.0035112178245940706
244,2017-12-20,37.57295989990234,-0.007047079020375269
245,2017-12-21,37.465450286865234,-0.0028613559677895806
246,2017-12-22,37.50844192504883,0.0011475009069532582
247,2017-12-26,37.69338607788086,0.0049307340785200715
248,2017-12-27,37.72349548339844,0.0007987981089141449
249,2017-12-28,37.94713973999024,0.005928513615346853
250,2017-12-29,37.75360107421875,-0.005100217489317993
251,2018-01-02,37.83531951904297,0.002164520535764769
252,2018-01-03,37.94713973999024,0.0029554453978111184
253,2018-01-04,38.33853530883789,0.010314231099615156
254,2018-01-05,38.592281341552734,0.006618563559373847
255,2018-01-08,38.69121551513672,0.002563574117538936
256,2018-01-09,38.708404541015625,0.00044426171806821735
257,2018-01-10,39.02667617797852,0.008222287659148009
258,2018-01-11,39.43526840209961,0.010469562466906668
259,2018-01-12,36.53212356567383,-0.0736179809104891
260,2018-01-16,37.1557731628418,0.017071265951644765
261,2018-01-17,37.77080154418945,0.016552700401420317
262,2018-01-18,37.1772689819336,-0.015714057896321187
263,2018-01-19,37.34070587158203,0.004396151038632112
264,2018-01-22,37.71489334106445,0.0100208997325677
265,2018-01-23,37.88263320922852,0.004447576363193262
266,2018-01-24,38.03315734863281,0.003973433910281043
267,2018-01-25,38.45895767211914,0.011195502902459742
268,2018-01-26,39.13419723510742,0.01755740674890416
269,2018-01-29,38.51486206054688,-0.015825932772805973
270,2018-01-30,38.0933723449707,-0.010943560304424338
271,2018-01-31,37.93423843383789,-0.004177469762763675
272,2018-02-01,38.5750846862793,0.01689361059822314
273,2018-02-02,38.25680923461914,-0.008250803705256993
274,2018-02-05,37.07835006713867,-0.030803906312554252
275,2018-02-06,36.82460021972656,-0.0068436121605367495
276,2018-02-07,36.81599426269531,-0.0002337013023875345
277,2018-02-08,35.805274963378906,-0.027453266428296375
278,2018-02-09,36.45901870727539,0.01825830815613405
279,2018-02-12,36.61384963989258,0.004246711461443953
280,2018-02-13,37.01814651489258,0.01104218428207826
281,2018-02-14,37.69768524169922,0.018356908456593324
282,2018-02-15,38.02886199951172,0.008785068783113692
283,2018-02-16,38.5578727722168,0.01391077052770795
284,2018-02-20,38.46702575683594,-0.0023561210421939593
285,2018-02-21,38.4497184753418,-0.00044992512817465524
286,2018-02-22,38.29830932617188,-0.00393784805646924
287,2018-02-23,38.74821472167969,0.011747395731653176
288,2018-02-26,39.26300811767578,0.013285602954710152
289,2018-02-27,38.92991256713867,-0.008483699199480221
290,2018-02-28,38.4497184753418,-0.01233483612296149
291,2018-03-01,37.92194747924805,-0.013726264249040332
292,2018-03-02,37.85706329345703,-0.001710992976468928
293,2018-03-05,38.17717361450195,0.008455762100813669
294,2018-03-06,38.40647506713867,0.0060062448559474735
295,2018-03-07,38.40213394165039,-0.00011303108344862256
296,2018-03-08,38.92991256713867,0.013743471294855869
297,2018-03-09,39.661014556884766,0.018779954578249658
298,2018-03-12,39.29329299926758,-0.009271612482070424
299,2018-03-13,39.258697509765625,-0.0008804426114807917
300,2018-03-14,39.02508544921875,-0.005950581027013513
301,2018-03-15,38.94289779663086,-0.0021060210795652567
302,2018-03-16,39.14620971679688,0.005220770196089797
303,2018-03-19,38.67467880249024,-0.01204537853646448
304,2018-03-20,39.30626678466797,0.016330788043598776
305,2018-03-21,39.25436019897461,-0.001320567683970597
306,2018-03-22,38.389156341552734,-0.02204096189662197
307,2018-03-23,37.50664520263672,-0.02298855257625909
308,2018-03-26,38.14690017700195,0.01707044100868349
309,2018-03-27,37.61912155151367,-0.013835426287309938
310,2018-03-28,37.67969131469727,0.0016100791481974408
311,2018-03-29,37.86137390136719,0.004821764200574785
312,2018-04-02,37.17787170410156,-0.018052757383982376
313,2018-04-03,37.800819396972656,0.01675587289743552
314,2018-04-04,38.27668380737305,0.012588732678067371
315,2018-04-05,37.80946731567383,-0.01220629493533143
316,2018-04-06,37.523963928222656,-0.007551108431850806
317,2018-04-09,37.71429061889648,0.005072137129165988
318,2018-04-10,38.39781188964844,0.018123667700897572
319,2018-04-11,38.2334213256836,-0.00428124822417697
320,2018-04-12,38.63142013549805,0.010409709516294052
321,2018-04-13,38.55354690551758,-0.0020158003435372107
322,2018-04-16,38.73524856567383,0.004712968708211029
323,2018-04-17,39.0899772644043,0.009157775201288354
324,2018-04-18,38.95154571533203,-0.003541356602382084
325,2018-04-19,39.13322830200195,0.004664322899987194
326,2018-04-20,39.176490783691406,0.0011055178314343106
327,2018-04-23,39.19380569458008,0.0004419719720245574
328,2018-04-24,39.08131790161133,-0.0028700400733043807
329,2018-04-25,39.28896331787109,0.005313163102188989
330,2018-04-26,39.52257537841797,0.0059459970642854465
331,2018-04-27,39.70427703857422,0.0045974144755625
332,2018-04-30,39.42741394042969,-0.006973130322346588
333,2018-05-01,39.28032302856445,-0.0037306761251821863
334,2018-05-02,38.97749710083008,-0.007709354312441907
335,2018-05-03,38.4583740234375,-0.013318532897319435
336,2018-05-04,38.76985549926758,0.008099184735169906
337,2018-05-07,38.57950973510742,-0.004909633056634721
338,2018-05-08,38.77849197387695,0.005157718180862636
339,2018-05-09,38.71792984008789,-0.0015617454600829195
340,2018-05-10,39.237060546875,0.013408018169649427
341,2018-05-11,39.13322830200195,-0.002646279905422655
342,2018-05-14,39.14189147949219,0.00022137650958353738
343,2018-05-15,39.020755767822266,-0.003094784311417076
344,2018-05-16,39.28896331787109,0.006873458618912531
345,2018-05-17,39.39280319213867,0.002642978218271086
346,2018-05-18,39.27166748046875,-0.0030750721414538607
347,2018-05-21,39.58314895629883,0.007931455316609437
348,2018-05-22,39.66145706176758,0.0019783192477991207
349,2018-05-23,39.426517486572266,-0.005923624410203221
350,2018-05-24,39.426517486572266,0.0
351,2018-05-25,39.452613830566406,0.0006618982770423276
352,2018-05-29,38.78260803222656,-0.01698254521784681
353,2018-05-30,39.64405059814453,0.02221208447874745
354,2018-05-31,39.208980560302734,-0.010974409306756305
355,2018-06-01,39.50483322143555,0.007545533112695901
356,2018-06-04,39.53092193603516,0.0006603929816229037
357,2018-06-05,39.54833221435547,0.0004404217627020923
358,2018-06-06,39.76586151123047,0.0055003405882192435
359,2018-06-07,39.74847030639648,-0.000437340074452508
360,2018-06-08,39.93120956420898,0.004597390953761993
361,2018-06-11,39.80938720703125,-0.003050805585586791
362,2018-06-12,39.80068206787109,-0.00021867051393908987
363,2018-06-13,39.74847030639648,-0.0013118308220340102
364,2018-06-14,39.74847030639648,0.0
365,2018-06-15,39.80938720703125,0.0015325596221742455
366,2018-06-18,39.3046875,-0.012677906957133667
367,2018-06-19,39.15676498413086,-0.0037634828128105813
368,2018-06-20,38.91312789916992,-0.006222094319070504
369,2018-06-21,38.660789489746094,-0.0064846601403433235
370,2018-06-22,38.45194625854492,-0.005401939121200905
371,2018-06-25,38.356224060058594,-0.0024893980097315804
372,2018-06-26,38.2866096496582,-0.0018149443045120117
373,2018-06-27,37.773223876953125,-0.013409016295849008
374,2018-06-28,37.59918975830078,-0.004607340883035604
375,2018-06-29,37.433868408203125,-0.004396939167050973
376,2018-07-02,37.32074737548828,-0.003021890002959271
377,2018-07-03,37.32946395874024,0.0002335586467296924
378,2018-07-05,37.45127868652344,0.0032632327085606594
379,2018-07-06,37.33815383911133,-0.003020587050151069
380,2018-07-09,37.72971725463867,0.010486951690610535
381,2018-07-10,37.6078987121582,-0.003228716018684019
382,2018-07-11,36.97269821166992,-0.01689008219656074
383,2018-07-12,36.963993072509766,-0.0002354477650053921
384,2018-07-13,37.06840515136719,0.0028246969598928473
385,2018-07-16,37.22502899169922,0.0042252651467595825
386,2018-07-17,37.3642463684082,0.0037398863205728716
387,2018-07-18,37.642704010009766,0.007452515938793258
388,2018-07-19,37.32074737548828,-0.008552962466136127
389,2018-07-20,37.46867752075195,0.003963750880316752
390,2018-07-23,37.83413696289063,0.009753732085587163
391,2018-07-24,38.00817108154297,0.004599923048939525
392,2018-07-25,38.09518051147461,0.0022892295907890325
393,2018-07-26,38.64337158203125,0.014390037353715135
394,2018-07-27,40.296669006347656,0.042783467296760636
395,2018-07-30,40.31406784057617,0.0004317685470671684
396,2018-07-31,40.496803283691406,0.004532795942048473
397,2018-08-01,40.66212463378906,0.004082330867933859
398,2018-08-02,40.34018325805664,-0.007917475504093496
399,2018-08-03,40.5402946472168,0.004960596928378802
400,2018-08-06,40.58381652832031,0.0010735462453403954
401,2018-08-07,40.636024475097656,0.0012864227971489672
402,2018-08-08,40.78395462036133,0.0036403695286266746
403,2018-08-09,40.6882209777832,-0.002347335943001738
404,2018-08-10,40.444580078125,-0.005987995881934438
405,2018-08-13,40.2879638671875,-0.0038723658555724905
406,2018-08-14,40.47069549560547,0.00453563821245373
407,2018-08-15,40.27926635742188,-0.004730067913074842
408,2018-08-16,40.46199798583984,0.00453661759368873
409,2018-08-17,40.6882209777832,0.005590999041187539
410,2018-08-20,40.70564270019531,0.0004281760665236778
411,2018-08-21,41.05563735961914,0.008598185317981732
412,2018-08-22,40.775638580322266,-0.0068199837416791365
413,2018-08-23,40.59188079833984,-0.004506558042504993
414,2018-08-24,40.83688354492188,0.00603575744122864
415,2018-08-27,41.099388122558594,0.006428124647365641
416,2018-08-28,40.933135986328125,-0.0040451243637668055
417,2018-08-29,41.0731315612793,0.0034201038248800053
418,2018-08-30,40.69688034057617,-0.009160519453983551
419,2018-08-31,40.46062850952149,-0.005805158259738374
420,2018-09-04,40.74937438964844,0.007136465516322854
421,2018-09-05,41.19564437866211,0.010951578906375437
422,2018-09-06,41.029388427734375,-0.0040357652716763726
423,2018-09-07,40.968143463134766,-0.0014927096636471182
424,2018-09-10,40.92439651489258,-0.0010678284282409356
425,2018-09-11,40.80188751220703,-0.00299354451423528
426,2018-09-12,40.52188491821289,-0.006862491199956633
427,2018-09-13,40.86313629150391,0.008421409171359695
428,2018-09-14,41.30938720703125,0.010920623232243631
429,2018-09-17,41.16939163208008,-0.0033889530786199717
430,2018-09-18,41.35314178466797,0.00446327102013111
431,2018-09-19,41.72065734863281,0.008887246484887479
432,2018-09-20,41.90440368652344,0.004404205244303183
433,2018-09-21,42.03565216064453,0.0031320926340565602
434,2018-09-24,41.73815536499024,-0.007077249438580568
435,2018-09-25,41.73815536499024,0.0
436,2018-09-26,41.16064453125,-0.013836520293962318
437,2018-09-27,41.16939163208008,0.00021251126967736234
438,2018-09-28,41.186893463134766,0.0004251175536207352
439,2018-10-01,41.26564407348633,0.0019120308362672311
440,2018-10-02,41.20439147949219,-0.0014843484300175458
441,2018-10-03,41.01189804077149,-0.004671672892354262
442,2018-10-04,40.775638580322266,-0.005760754116143407
443,2018-10-05,40.68814468383789,-0.0021457394545035813
444,2018-10-08,41.23939514160156,0.013548183679720216
445,2018-10-09,41.4843978881836,0.005940987876781101
446,2018-10-10,40.53939437866211,-0.02277973304731673
447,2018-10-11,38.92935562133789,-0.039715412181185905
448,2018-10-12,38.54434967041016,-0.009889861899401664
449,2018-10-15,38.34309768676758,-0.0052213096177125
450,2018-10-16,38.65810394287109,0.008215461846010852
451,2018-10-17,39.130615234375,0.012222826349739924
452,2018-10-18,38.67560958862305,-0.011627868435665323
453,2018-10-19,38.91185760498047,0.006108449714698594
454,2018-10-22,38.74560546875,-0.004272531471465668
455,2018-10-23,38.72810745239258,-0.00045161292863349356
456,2018-10-24,37.36308670043945,-0.03524625502630374
457,2018-10-25,36.91682815551758,-0.01194383506105312
458,2018-10-26,36.488067626953125,-0.011614229877990545
459,2018-10-29,36.99557113647461,0.013908752710888983
460,2018-10-30,37.748085021972656,0.020340647877067797
461,2018-10-31,37.68684005737305,-0.0016224654724593668
462,2018-11-01,37.51183319091797,-0.004643712929729649
463,2018-11-02,37.538082122802734,0.0006997507093606803
464,2018-11-05,38.246849060058594,0.018881277283617992
465,2018-11-06,38.49184799194336,0.00640572852158483
466,2018-11-07,39.4281120300293,0.024323696754749324
467,2018-11-08,39.55936813354492,0.003328997934662903
468,2018-11-09,39.41061782836914,-0.0037601789966318355
469,2018-11-12,38.8856086730957,-0.013321515474835288
470,2018-11-13,38.824363708496094,-0.0015750033672993213
471,2018-11-14,38.456844329833984,-0.00946620481462479
472,2018-11-15,38.736854553222656,0.007281154454252592
473,2018-11-16,38.99936294555664,0.0067767090374699634
474,2018-11-19,39.69937133789063,0.017949226332522494
475,2018-11-20,38.97772216796875,-0.01817784880722062
476,2018-11-21,39.065731048583984,0.002257927752575606
477,2018-11-23,39.13613128662109,0.0018020970335752562
478,2018-11-26,39.25933456420898,0.00314806991742711
479,2018-11-27,39.20653533935547,-0.0013448833363987056
480,2018-11-28,39.91938781738281,0.01818198093397405
481,2018-11-29,39.954586029052734,0.0008817322507785885
482,2018-11-30,40.25380706787109,0.007489028633678618
483,2018-12-03,40.54422378540039,0.00721463977406267
484,2018-12-04,38.97772216796875,-0.03863686294065205
485,2018-12-06,38.32648086547852,-0.016708039009663
486,2018-12-07,38.06245803833008,-0.006888783451711511
487,2018-12-10,37.87765502929688,-0.004855256821487797
488,2018-12-11,37.525634765625,-0.009293612907124493
489,2018-12-12,37.75444030761719,0.006097313034709284
490,2018-12-13,40.26261138916016,0.06643380384152953
491,2018-12-14,39.25933456420898,-0.024918324726977303
492,2018-12-17,39.00411987304688,-0.006500739097976549
493,2018-12-18,39.1977424621582,0.004964157369568456
494,2018-12-19,38.70489883422852,-0.012573265626342534
495,2018-12-20,38.1944694519043,-0.013187720358355026
496,2018-12-21,38.044864654541016,-0.003916923039123943
497,2018-12-24,37.2528076171875,-0.02081902628766419
498,2018-12-26,38.8457145690918,0.04275937986401246
499,2018-12-27,39.58496475219727,0.019030417931703347
500,2018-12-28,39.55855941772461,-0.0006670546415277201
501,2018-12-31,40.09540557861328,0.01357092292516926
502,2019-01-02,40.060184478759766,-0.0008784323127610794
503,2019-01-03,39.048133850097656,-0.025263254321724493
504,2019-01-04,39.53215789794922,0.012395574388002428
505,2019-01-07,39.74337005615234,0.005342793549199865
506,2019-01-08,39.866580963134766,0.0031001625380120412
507,2019-01-09,39.7785758972168,-0.0022074896766127727
508,2019-01-10,40.28021240234375,0.012610720565339628
509,2019-01-11,40.20979690551758,-0.0017481411498732058
510,2019-01-14,40.42101287841797,0.005252848538297661
511,2019-01-15,40.83464431762695,0.01023307952359187
512,2019-01-16,41.19547271728516,0.008836330172280915
513,2019-01-17,41.64429473876953,0.010894935581017062
514,2019-01-18,41.97872161865234,0.008030556934164323
515,2019-01-22,41.70590591430664,-0.006498904536065608
516,2019-01-23,41.92591857910156,0.005275335949948667
517,2019-01-24,41.653099060058594,-0.006507180481406527
518,2019-01-25,41.86431121826172,0.005070742945166851
519,2019-01-28,41.67070007324219,-0.004624730214958794
520,2019-01-29,41.45948028564453,-0.005068784235119805
521,2019-01-30,41.69709014892578,0.00573113463179431
522,2019-01-31,41.97872161865234,0.0067542235854032295
523,2019-02-01,42.18992614746094,0.00503122821907831
524,2019-02-04,42.26033782958984,0.0016689216729794953
525,2019-02-05,42.43635177612305,0.004164991468903256
526,2019-02-06,42.59475326538086,0.003732683952038851
527,2019-02-07,42.63875198364258,0.0010329609843633403
528,2019-02-08,42.40113830566406,-0.0055727165295473835
529,2019-02-11,42.48035430908203,0.0018682518107628887
530,2019-02-12,43.06998825073242,0.0138801559271442
531,2019-02-13,43.14038848876953,0.0016345543822133823
532,2019-02-14,42.770774841308594,-0.008567693996477499
533,2019-02-15,43.36919784545898,0.013991399650127967
534,2019-02-19,43.35151290893555,-0.00040777642663458735
535,2019-02-20,43.46654510498047,0.0026534759302763167
536,2019-02-21,43.27186584472656,-0.00447882986291448
537,2019-02-22,43.13912963867188,-0.003067494397652748
538,2019-02-25,43.3249626159668,0.004307759077464723
539,2019-02-26,43.280723571777344,-0.0010210982657178347
540,2019-02-27,43.35151290893555,0.00163558580624934
541,2019-02-28,43.48424911499024,0.0030618586791542057
542,2019-03-01,43.51079177856445,0.0006103971924182883
543,2019-03-04,43.41345977783203,-0.0022369622972563397
544,2019-03-05,43.49309539794922,0.0018343532288078723
545,2019-03-06,43.316104888916016,-0.004069393254579667
546,2019-03-07,43.03294372558594,-0.006537087396390917
547,2019-03-08,42.96215057373047,-0.001645092009203597
548,2019-03-11,43.42230987548828,0.010710806968754927
549,2019-03-12,43.5019416809082,0.00183389150987745
550,2019-03-13,43.70547103881836,0.0046786269772294276
551,2019-03-14,43.97979736328125,0.006276704447807813
552,2019-03-15,44.20102691650391,0.005030254036763049
553,2019-03-18,44.46649169921875,0.00600585102278961
554,2019-03-19,44.33375549316406,-0.002985083845888803
555,2019-03-20,43.767425537109375,-0.012774238269573468
556,2019-03-21,44.218727111816406,0.010311357571726187
557,2019-03-22,43.767425537109375,-0.010206118633080963
558,2019-03-25,43.82051086425781,0.0012128958122845646
559,2019-03-26,44.09484100341797,0.006260313578039911
560,2019-03-27,44.08597946166992,-0.00020096549950954223
561,2019-03-28,43.97979736328125,-0.002408523065274948
562,2019-03-29,44.24526977539063,0.006036235454123018
563,2019-04-01,44.13907623291016,-0.002400110633736796
564,2019-04-02,43.58158874511719,-0.012630248192129434
565,2019-04-03,43.147979736328125,-0.009949362133743755
566,2019-04-04,43.16567611694336,0.0004101323103278265
567,2019-04-05,43.3603630065918,0.0045102244922794466
568,2019-04-08,43.46654510498047,0.002448828631174793
569,2019-04-09,43.395751953125,-0.001628681361366291
570,2019-04-10,43.54619216918945,0.0034667037507947196
571,2019-04-11,43.68777847290039,0.0032514049256209265
572,2019-04-12,43.81166458129883,0.0028357154501523762
573,2019-04-15,43.316104888916016,-0.011311135906813874
574,2019-04-16,43.8824577331543,0.01307487932469198
575,2019-04-17,43.395751953125,-0.011091123997404972
576,2019-04-18,43.2895622253418,-0.002447007437453963
577,2019-04-22,42.97100067138672,-0.0073588536723199205
578,2019-04-23,43.280723571777344,0.007207719055908779
579,2019-04-24,43.26301956176758,-0.0004090506939053995
580,2019-04-25,43.51964569091797,0.005931766477464739
581,2019-04-26,43.82936096191406,0.00711667721735898
582,2019-04-29,43.99748992919922,0.0038359894736146316
583,2019-04-30,44.58152770996094,0.013274343188703464
584,2019-05-01,44.43994903564453,-0.0031757250500137335
585,2019-05-02,44.46649169921875,0.0005972703423429149
586,2019-05-03,44.67887878417969,0.004776340044939209
587,2019-05-06,44.705413818359375,0.0005939055522825587
588,2019-05-07,44.34260559082031,-0.008115532248804902
589,2019-05-08,44.4576416015625,0.0025942546498891605
590,2019-05-09,44.67887878417969,0.004976358948590942
591,2019-05-10,45.36909484863281,0.015448374785481889
592,2019-05-13,44.66117858886719,-0.01560349092543023
593,2019-05-14,45.245208740234375,0.01307690862221822
594,2019-05-15,45.40449142456055,0.0035204320802377786
595,2019-05-16,45.95313262939453,0.012083412623298484
596,2019-05-17,46.174354553222656,0.004814077107914372
597,2019-05-20,46.15666198730469,-0.0003831686677412405
598,2019-05-21,46.21002578735352,0.0011561451316282056
599,2019-05-22,46.44130325317383,0.005004919644160832
600,2019-05-23,45.82753753662109,-0.013215945151384134
601,2019-05-24,46.26339721679688,0.009510868434235542
602,2019-05-28,45.6318473815918,-0.013651177241601031
603,2019-05-29,45.74748611450195,0.0025341672438361496
604,2019-05-30,45.87202072143555,0.002722217492386214
605,2019-05-31,45.6318473815918,-0.005235726180501943
606,2019-06-03,46.63698959350586,0.022027208399183484
607,2019-06-04,47.14402770996094,0.010872016416035635
608,2019-06-05,47.820045471191406,0.014339414642072112
609,2019-06-06,47.87340545654297,0.001115849740956687
610,2019-06-07,48.52275466918945,0.013563881793116517
611,2019-06-10,48.3448486328125,-0.0036664455179812316
612,2019-06-11,48.0691032409668,-0.005703718175643413
613,2019-06-12,48.37153625488281,0.0062916300393611735
614,2019-06-13,48.45159149169922,0.0016550071181236081
615,2019-06-14,48.95862579345703,0.010464760519676153
616,2019-06-17,48.52275466918945,-0.008902846376987794
617,2019-06-18,48.85187530517578,0.0067828102140976565
618,2019-06-19,49.04756927490234,0.004005864022702532
619,2019-06-20,49.2254638671875,0.003626980804861013
620,2019-06-21,48.878562927246094,-0.007047184783821603
621,2019-06-24,48.940826416015625,0.00127384041266132
622,2019-06-25,48.878562927246094,-0.0012722198076564606
623,2019-06-26,48.24700546264648,-0.012920949937494375
624,2019-06-27,48.52275466918945,0.005715364174393445
625,2019-06-28,48.754032135009766,0.004766371311708983
626,2019-07-01,49.652435302734375,0.018427258800600255
627,2019-07-02,49.99934387207031,0.0069867382580695025
628,2019-07-03,50.568626403808594,0.011385800045593752
629,2019-07-05,50.533050537109375,-0.00070351657201706
630,2019-07-08,50.390724182128906,-0.0028165003590264748
631,2019-07-09,50.28398513793945,-0.0021182280255322983
632,2019-07-10,50.26618194580078,-0.0003540529273849957
633,2019-07-11,50.13276672363281,-0.002654174576295132
634,2019-07-12,50.60421371459961,0.009403969135909573
635,2019-07-15,50.31956100463867,-0.005625079199260696
636,2019-07-16,49.91039657592773,-0.008131319521512248
637,2019-07-17,49.49231719970703,-0.00837659896339793
638,2019-07-18,49.92818069458008,0.008806689998253514
639,2019-07-19,48.92303466796875,-0.020131837624126403
640,2019-07-22,48.97641754150391,0.0010911603071530607
641,2019-07-23,49.09203720092773,0.002360721041424263
642,2019-07-24,47.962364196777344,-0.023011328691184052
643,2019-07-25,47.82893371582031,-0.0027819829816895236
644,2019-07-26,47.9356803894043,0.0022318430558838642
645,2019-07-29,47.10843276977539,-0.01725745025227099
646,2019-07-30,47.03726959228516,-0.0015106250262667542
647,2019-07-31,46.82378768920898,-0.00453856920111706
648,2019-08-01,46.53025817871094,-0.006268811751119596
649,2019-08-02,46.72594451904297,0.0042055717718232355
650,2019-08-05,45.68521881103516,-0.022272973156993392
651,2019-08-06,46.28118515014648,0.013045058218422279
652,2019-08-07,46.352352142333984,0.0015377089406121147
653,2019-08-08,47.03726959228516,0.014776325651134181
654,2019-08-09,47.03726959228516,0.0
655,2019-08-12,46.539154052734375,-0.010589805570527577
656,2019-08-13,47.07284927368164,0.011467660549706826
657,2019-08-14,45.61406326293945,-0.030989966259760582
658,2019-08-15,46.31676483154297,0.01540537102675632
659,2019-08-16,46.83268356323242,0.0111389198612184
660,2019-08-19,46.85937881469727,0.0005700132777743949
661,2019-08-20,46.36762237548828,-0.010494301282857665
662,2019-08-21,43.79263305664063,-0.0555342108766157
663,2019-08-22,44.26650238037109,0.010820754329102789
664,2019-08-23,43.23829650878906,-0.02322762848410531
665,2019-08-26,43.76581573486328,0.012200277732194786
666,2019-08-27,43.79263305664063,0.0006127458457489965
667,2019-08-28,43.91781234741211,0.002858455453216724
668,2019-08-29,44.34696578979492,0.009771739971654148
669,2019-08-30,44.86555099487305,0.011693814804291769
670,2019-09-03,45.04436874389648,0.003985635862220116
671,2019-09-04,45.41094207763672,0.008138050192787238
672,2019-09-05,45.71493148803711,0.006694188591830574
673,2019-09-06,46.10833358764648,0.008605549364375964
674,2019-09-09,45.67023468017578,-0.009501512489882624
675,2019-09-10,45.5718879699707,-0.0021534093462358683
676,2019-09-11,45.95634460449219,0.008436267436951805
677,2019-09-12,46.0189208984375,0.0013616464600014755
678,2019-09-13,46.28715515136719,0.005828781894335888
679,2019-09-16,46.412330627441406,0.002704324248592682
680,2019-09-17,46.88618850708008,0.01020974110182915
681,2019-09-18,47.03819274902344,0.0032419833384496055
682,2019-09-19,46.99348449707031,-0.0009504670426363493
683,2019-09-20,46.465965270996094,-0.011225369468125024
684,2019-09-23,46.80572128295898,0.00731193272283015
685,2019-09-24,46.86830139160156,0.0013370183585947881
686,2019-09-25,46.64478302001953,-0.00476907344506583
687,2019-09-26,46.412330627441406,-0.004983459618160491
688,2019-09-27,46.39444732666016,-0.0003853135694649179
689,2019-09-30,46.778907775878906,0.008286777219518981
690,2019-10-01,46.08151626586914,-0.014908246967864636
691,2019-10-02,45.223182678222656,-0.018626418078222406
692,2019-10-03,45.75963592529297,0.011862350575529979
693,2019-10-04,46.58220291137695,0.017975820162269285
694,2019-10-07,46.448089599609375,-0.0028790676134988757
695,2019-10-08,45.63446044921875,-0.0175169561849422
696,2019-10-09,46.04574966430664,0.009012689336944435
697,2019-10-10,46.55538177490234,0.011067951207464954
698,2019-10-11,46.88618850708008,0.007105660389108426
699,2019-10-14,46.94877243041992,0.0013348050957564528
700,2019-10-15,47.23488235473633,0.006094087438397455
701,2019-10-16,47.08289337158203,-0.0032177275686399165
702,2019-10-17,47.07395935058594,-0.00018975089159423142
703,2019-10-18,47.12759780883789,0.0011394507492450412
704,2019-10-21,47.297481536865234,0.0036047610301810362
705,2019-10-22,46.86830139160156,-0.009074059153216352
706,2019-10-23,46.91300964355469,0.0009539123592205989
707,2019-10-24,46.99348449707031,0.0017154058997082
708,2019-10-25,47.61935043334961,0.013318142780374576
709,2019-10-28,47.84287643432617,0.004694016170788018
710,2019-10-29,47.905460357666016,0.0013081137256818476
711,2019-10-30,47.70875930786133,-0.00410602566672158
712,2019-10-31,47.52994155883789,-0.003748111491844508
713,2019-11-01,47.93228149414063,0.008464978539994172
714,2019-11-04,47.78922271728516,-0.0029846018673856944
715,2019-11-05,47.3332405090332,-0.00954152803341235
716,2019-11-06,48.01275253295898,0.014355915982471101
717,2019-11-07,48.41510009765625,0.008380014547615833
718,2019-11-08,48.40614700317383,-0.00018492359748023546
719,2019-11-11,48.30779647827149,-0.002031777594194595
720,2019-11-12,48.25415802001953,-0.0011103478560875457
721,2019-11-13,48.40614700317383,0.003149759303462396
722,2019-11-14,48.44190979003906,0.0007388067235116758
723,2019-11-15,48.638614654541016,0.004060633970760508
724,2019-11-18,48.629676818847656,-0.00018376007945208883
725,2019-11-19,48.59373092651367,-0.0007391760481544329
726,2019-11-20,48.63866424560547,0.0009246731674039665
727,2019-11-21,48.40503692626953,-0.004803325152109794
728,2019-11-22,48.51286697387695,0.00222766171569444
729,2019-11-25,48.791412353515625,0.005741680445079833
730,2019-11-26,49.17778778076172,0.007918922790072891
731,2019-11-27,49.25866317749024,0.001644551338687128
732,2019-11-29,49.27663040161133,0.00036475257268642203
733,2019-12-02,47.33575439453125,-0.03938735240745306
734,2019-12-03,46.48213195800781,-0.01803335443666354
735,2019-12-04,47.021263122558594,0.011598675487557886
736,2019-12-05,47.3717041015625,0.007452819336020378
737,2019-12-06,47.61431884765625,0.005121511896080344
738,2019-12-09,47.6682243347168,0.0011321276533016178
739,2019-12-10,47.767066955566406,0.0020735536561118373
740,2019-12-11,47.6682243347168,-0.00206926292840115
741,2019-12-12,48.43199157714844,0.01602256541105085
742,2019-12-13,47.77605438232422,-0.013543469377660489
743,2019-12-16,47.68619155883789,-0.0018809176406072714
744,2019-12-17,47.72213363647461,0.0007537208668126905
745,2019-12-18,47.54242706298828,-0.0037656860620535193
746,2019-12-19,47.61431884765625,0.0015121605923213988
747,2019-12-20,47.74908828735352,0.0028304393081517443
748,2019-12-23,47.20996475219727,-0.011290760818548184
749,2019-12-24,47.40764617919922,0.004187281817293664
750,2019-12-26,47.28184509277344,-0.0026536033016754113
751,2019-12-27,47.28184509277344,0.0
752,2019-12-30,47.38967514038086,0.002280580366435414
753,2019-12-31,47.53344345092773,0.0030337475435522343
754,2020-01-02,47.93778991699219,0.00850656793846416
755,2020-01-03,47.60532379150391,-0.006935366149836364
756,2020-01-06,47.47053909301758,-0.0028312946484021495
757,2020-01-07,47.021263122558594,-0.009464311529697178
758,2020-01-08,47.165035247802734,0.003057598109804216
759,2020-01-09,47.17401885986328,0.00019047186148268835
760,2020-01-10,46.78764343261719,-0.008190428472797162
761,2020-01-13,47.17401885986328,0.00825806556815678
762,2020-01-14,46.90446472167969,-0.005714038038275748
763,2020-01-15,46.99430847167969,0.001915462643761412
764,2020-01-16,47.43459701538086,0.00936897590410335
765,2020-01-17,48.00068283081055,0.011934028136596941
766,2020-01-21,47.47952651977539,-0.010857268694949407
767,2020-01-22,47.20098114013672,-0.005866641899275438
768,2020-01-23,47.22793197631836,0.0005709804230895621
769,2020-01-24,47.07517623901367,-0.0032344362946334915
770,2020-01-27,46.57198333740234,-0.010689134737520423
771,2020-01-28,47.05720901489258,0.010418832154407198
772,2020-01-29,47.066200256347656,0.00019107043624777553
773,2020-01-30,47.65924072265625,0.01260013476929478
774,2020-01-31,46.33836364746094,-0.027715025568323726
775,2020-02-03,46.73372268676758,0.008532002604030309
776,2020-02-04,46.87749481201172,0.003076410715400879
777,2020-02-05,47.8748893737793,0.02127661825290228
778,2020-02-06,47.38967514038086,-0.010135046571286388
779,2020-02-07,47.56039810180664,0.0036025349597788026
780,2020-02-10,47.38967514038086,-0.0035896032884403795
781,2020-02-11,47.56938171386719,0.003792103933061064
782,2020-02-12,47.084171295166016,-0.010200057289366127
783,2020-02-13,47.13807678222656,0.001144874924581707
784,2020-02-14,47.45257568359375,0.006671865354629158
785,2020-02-18,46.86539459228516,-0.012374061530902258
786,2020-02-19,46.56729888916016,-0.00636067840073351
787,2020-02-20,46.513092041015625,-0.0011640539485350265
788,2020-02-21,46.54922866821289,0.0007769130283878933
789,2020-02-24,44.4715461730957,-0.04463409071557778
790,2020-02-25,43.08942794799805,-0.031078708613324735
791,2020-02-26,42.05058670043945,-0.024108958903151567
792,2020-02-27,40.10840225219727,-0.046186857322061625
793,2020-02-28,38.70820999145508,-0.03491019791658456
794,2020-03-02,40.912376403808594,0.05694312428397197
795,2020-03-03,39.141822814941406,-0.04327672319475351
796,2020-03-04,40.243900299072266,0.02815600819975539
797,2020-03-05,37.560977935791016,-0.06666655923862075
798,2020-03-06,36.83829879760742,-0.019240157682235637
799,2020-03-09,33.956634521484375,-0.07822468382579617
800,2020-03-10,35.42908477783203,0.04336266762290708
801,2020-03-11,33.36946105957031,-0.05813369809514313
802,2020-03-12,28.383012771606445,-0.14943149004001555
803,2020-03-13,31.33694076538086,0.10407379997127864
804,2020-03-16,26.187896728515625,-0.16431227526056358
805,2020-03-17,27.235767364501957,0.04001354697742188
806,2020-03-18,22.82745933532715,-0.16185730955098498
807,2020-03-19,24.299909591674805,0.0645034664049946
808,2020-03-20,24.146339416503903,-0.006319783807900103
809,2020-03-23,23.206863403320312,-0.038907595763416736
810,2020-03-24,26.296293258666992,0.13312569655167872
811,2020-03-25,33.17975997924805,0.261765666091069
812,2020-03-26,32.31254959106445,-0.02613672879870088
813,2020-03-27,31.978315353393555,-0.010343790319886303
814,2020-03-30,32.755184173583984,0.024293613081402876
815,2020-03-31,30.930450439453125,-0.0557082422269648
816,2020-04-01,28.816619873046875,-0.06834140907660269
817,2020-04-02,28.75338363647461,-0.002194436295820168
818,2020-04-03,29.27732276916504,0.01822182527505367
819,2020-04-06,31.81571578979492,0.08670167831408837
820,2020-04-07,32.25835037231445,0.013912450860574799
821,2020-04-08,34.11923599243164,0.057686943028378845
822,2020-04-09,34.39927673339844,0.008207708432536931
823,2020-04-13,33.676597595214844,-0.021008556191006833
824,2020-04-14,34.128273010253906,0.013412145148037125
825,2020-04-15,32.29448318481445,-0.05373227719106932
826,2020-04-16,31.65311813354492,-0.01985989519012088
827,2020-04-17,32.95392990112305,0.04109584913846365
828,2020-04-20,32.65582656860352,-0.009046063198349108
829,2020-04-21,31.24661064147949,-0.04315358314889217
830,2020-04-22,32.041561126708984,0.025441174863753302
831,2020-04-23,31.65311813354492,-0.012123098235693353
832,2020-04-24,32.78229522705078,0.035673486850232194
833,2020-04-27,33.66756820678711,0.027004606407358356
834,2020-04-28,34.13731002807617,0.013952353743041268
835,2020-04-29,35.40198516845703,0.0370467133860497
836,2020-04-30,33.64046859741211,-0.04975756479934412
837,2020-05-01,33.08039474487305,-0.016648812453883277
838,2020-05-04,32.29448318481445,-0.02375762339354781
839,2020-05-05,32.44804763793945,0.0047551296066943305
840,2020-05-06,30.966575622558597,-0.045656738177635825
841,2020-05-07,32.402889251708984,0.046382707815586066
842,2020-05-08,32.755184173583984,0.01087233052393377
843,2020-05-11,31.987348556518555,-0.023441651648066886
844,2020-05-12,30.397476196289062,-0.049703161780362715
845,2020-05-13,28.89791679382324,-0.04933170743460902
846,2020-05-14,29.593488693237305,0.02406996685528351
847,2020-05-15,29.80126571655273,0.007021038494961385
848,2020-05-18,31.391138076782227,0.05334915554765929
849,2020-05-19,30.626176834106445,-0.024368700516836928
850,2020-05-20,31.691669464111328,0.034790259188287376
851,2020-05-21,31.73720932006836,0.0014369661405373435
852,2020-05-22,31.60059928894043,-0.00430441220430644
853,2020-05-26,32.99394226074219,0.04409229581571261
854,2020-05-27,33.849979400634766,0.025945282110502177
855,2020-05-28,33.358211517333984,-0.014527863591301315
856,2020-05-29,33.21250915527344,-0.004367810965669849
857,2020-06-01,33.6678352355957,0.013709475492909906
858,2020-06-02,33.91373062133789,0.007303569832200374
859,2020-06-03,34.797096252441406,0.026047433146376253
860,2020-06-04,35.81705093383789,0.02931148834940278
861,2020-06-05,36.90986251831055,0.030510931413401998
862,2020-06-08,38.339630126953125,0.03873673622959961
863,2020-06-09,36.60934829711914,-0.04513037356136573
864,2020-06-10,35.598487854003906,-0.027612085167732392
865,2020-06-11,32.474849700927734,-0.08774637186519829
866,2020-06-12,33.36732482910156,0.027482040298660193
867,2020-06-15,33.804439544677734,0.013100082725089779
868,2020-06-16,34.01390075683594,0.006196263419228298
869,2020-06-17,33.50392150878906,-0.01499325971733434
870,2020-06-18,33.795345306396484,0.008698199628093484
871,2020-06-19,33.33088684082031,-0.01374326734540754
872,2020-06-22,33.20339584350586,-0.0038250106552315533
873,2020-06-23,33.139652252197266,-0.001919791325231568
874,2020-06-24,32.02861022949219,-0.03352606159684168
875,2020-06-25,32.629676818847656,0.01876655231209501
876,2020-06-26,31.5823917388916,-0.03209609110658185
877,2020-06-29,32.26539611816406,0.021626113212679376
878,2020-06-30,32.811805725097656,0.016934848868196184
879,2020-07-01,32.228973388671875,-0.017762885142891593
880,2020-07-02,32.11057662963867,-0.0036736124854296337
881,2020-07-06,32.80270004272461,0.021554375091697775
882,2020-07-07,31.527746200561523,-0.03886734447172013
883,2020-07-08,32.238075256347656,0.022530283365878034
884,2020-07-09,30.93580818176269,-0.04039531095543769
885,2020-07-10,31.75541305541992,0.026493727554866453
886,2020-07-13,31.76453399658203,0.00028722476845732814
887,2020-07-14,32.46574783325195,0.022075369868337358
888,2020-07-15,33.03947448730469,0.01767175230336493
889,2020-07-16,33.121429443359375,0.0024805163316437007
890,2020-07-17,32.98483657836914,-0.004124002716242026
891,2020-07-20,32.76627349853516,-0.00662616833994889
892,2020-07-21,33.248924255371094,0.014730108288252719
893,2020-07-22,33.38553237915039,0.004108647928879439
894,2020-07-23,33.68606948852539,0.009002016381284061
895,2020-07-24,33.4857063293457,-0.005947953032868325
896,2020-07-27,33.17607498168945,-0.009246672135594158
897,2020-07-28,33.048580169677734,-0.003842974555672618
898,2020-07-29,33.239830017089844,0.005786930828198811
899,2020-07-30,32.137901306152344,-0.03315085276822882
900,2020-07-31,32.39289093017578,0.007934233837933347
901,2020-08-03,32.201656341552734,-0.0059035974601729935
902,2020-08-04,31.928449630737305,-0.00848424403756165
903,2020-08-05,32.37468338012695,0.013976054413868733
904,2020-08-06,32.24718475341797,-0.003938220034832796
905,2020-08-07,33.25804138183594,0.03134712800970396
906,2020-08-10,34.12318420410156,0.0260130418485236
907,2020-08-11,34.6331672668457,0.014945353859527666
908,2020-08-12,34.25978469848633,-0.010781069068343974
909,2020-08-13,34.378177642822266,0.003455741049685157
910,2020-08-14,34.66958999633789,0.0084766666966265
911,2020-08-17,34.11407852172852,-0.016023018289747504
912,2020-08-18,34.07737731933594,-0.0010758374249859592
913,2020-08-19,33.976444244384766,-0.002961879196433981
914,2020-08-20,33.63695526123047,-0.009991892639277689
915,2020-08-21,33.416744232177734,-0.006546699228349828
916,2020-08-24,34.29759216308594,0.02635947789491766
917,2020-08-25,34.040672302246094,-0.007490900807793799
918,2020-08-26,33.444271087646484,-0.01752025369252941
919,2020-08-27,33.83881759643555,0.011797132840930757
920,2020-08-28,34.068206787109375,0.006778877247117343
921,2020-08-31,33.32500457763672,-0.021815125583711903
922,2020-09-01,33.67366027832031,0.010462285155020457
923,2020-09-02,33.85716247558594,0.005449428299416859
924,2020-09-03,33.89386367797852,0.0010840011303088204
925,2020-09-04,34.738006591796875,0.024905479110863604
926,2020-09-08,33.89386367797852,-0.024300269262361507
927,2020-09-09,33.985626220703125,0.0027073497313976347
928,2020-09-10,33.224063873291016,-0.022408365891701143
929,2020-09-11,33.38922119140625,0.004971014947030783
930,2020-09-14,34.01314926147461,0.01868651162875712
931,2020-09-15,33.664485931396484,-0.010250839385609112
932,2020-09-16,34.141605377197266,0.014172782759050095
933,2020-09-17,34.517799377441406,0.01101863828861993
934,2020-09-18,34.68294906616211,0.004784479071647807
935,2020-09-21,33.40757369995117,-0.036772402594081544
936,2020-09-22,33.3708610534668,-0.0010989318414473814
937,2020-09-23,32.682716369628906,-0.02062112460135046
938,2020-09-24,32.728599548339844,0.0014038973441501401
939,2020-09-25,32.78364944458008,0.0016820119711791204
940,2020-09-28,33.334171295166016,0.016792573734555782
941,2020-09-29,33.04973602294922,-0.0085328436605846
942,2020-09-30,33.35252380371094,0.0091615794011628
943,2020-10-01,33.38922119140625,0.0011002881794279773
944,2020-10-02,33.83881759643555,0.013465315721260751
945,2020-10-05,34.34346389770508,0.014913236842019284
946,2020-10-06,34.28841018676758,-0.0016030331448650958
947,2020-10-07,34.78388595581055,0.014450240368221623
948,2020-10-08,35.086669921875,0.00870471937635453
949,2020-10-09,34.958213806152344,-0.0036611087917057805
950,2020-10-12,35.23347473144531,0.007873998563522777
951,2020-10-13,34.141605377197266,-0.030989545100800764
952,2020-10-14,33.930564880371094,-0.006181329041050954
953,2020-10-15,34.178306579589844,0.007301431617546372
954,2020-10-16,34.141605377197266,-0.0010738157055005804
955,2020-10-19,33.471805572509766,-0.019618286758561476
956,2020-10-20,33.86634063720703,0.011787086413446834
957,2020-10-21,33.62778854370117,-0.007043928839591707
958,2020-10-22,34.416866302490234,0.023465050571601198
959,2020-10-23,34.72882080078125,0.009064000642860615
960,2020-10-26,33.737884521484375,-0.02853354235611083
961,2020-10-27,32.44416427612305,-0.03834621712981101
962,2020-10-28,31.333934783935547,-0.03421969765467381
963,2020-10-29,31.398168563842773,0.002049974902614382
964,2020-10-30,31.150428771972656,-0.00789026249624658
965,2020-11-02,32.59095764160156,0.04624427099138395
966,2020-11-03,33.251590728759766,0.020270441096671643
967,2020-11-04,33.51767349243164,0.008002106300488476
968,2020-11-05,34.13243103027344,0.0183412950180033
969,2020-11-06,33.85716247558594,-0.008064721626284244
970,2020-11-09,38.06867599487305,0.12439062258463007
971,2020-11-10,38.39897537231445,0.008676408328093466
972,2020-11-11,37.508975982666016,-0.02317768588924707
973,2020-11-12,36.9859733581543,-0.013943399168066195
974,2020-11-13,38.09619903564453,0.030017478970726152
975,2020-11-16,39.66518783569336,0.041184917124692966
976,2020-11-17,39.71136093139648,0.0011640710210267802
977,2020-11-18,39.58207321166992,-0.0032556859471501998
978,2020-11-19,40.37630081176758,0.020065336038626036
979,2020-11-20,40.4963493347168,0.00297324223704587
980,2020-11-23,41.05046844482422,0.013683186736844544
981,2020-11-24,42.60197830200195,0.03779518032207396
982,2020-11-25,42.12175369262695,-0.011272354677304586
983,2020-11-27,41.81698989868164,-0.007235306397004537
984,2020-11-30,40.57022857666016,-0.02981470749191306
985,2020-12-01,41.281349182128906,0.01752813899298178
986,2020-12-02,41.84469223022461,0.013646430149612865
987,2020-12-03,42.19562530517578,0.008386561263741044
988,2020-12-04,42.7497444152832,0.01313214595351564
989,2020-12-07,41.71540069580078,-0.02419531937862629
990,2020-12-08,41.78004837036133,0.0015497315974974946
991,2020-12-09,41.66922378540039,-0.002652571963979722
992,2020-12-10,41.88163375854492,0.005097526515935646
993,2020-12-11,41.41064453125,-0.011245722409260805
994,2020-12-14,40.819580078125,-0.014273249301371305
995,2020-12-15,41.4383430480957,0.015158484452472143
996,2020-12-16,41.26287841796875,-0.004234354397889439
997,2020-12-17,41.3829345703125,0.0029095438066062407
998,2020-12-18,40.53329086303711,-0.020531258019698573
999,2020-12-21,40.2562370300293,-0.006835216857767223
1000,2020-12-22,39.73906707763672,-0.012846952187975047
1001,2020-12-23,40.20082473754883,0.011619740821041225
1002,2020-12-24,40.48711395263672,0.00712147616266412
1003,2020-12-28,40.56100082397461,0.0018249478445000467
1004,2020-12-29,40.40400695800781,-0.0038705619382547463
1005,2020-12-30,40.64412307739258,0.005942878874224622
1006,2020-12-31,41.068939208984375,0.010452092441086247
1007,2021-01-04,39.8868293762207,-0.028783549210958714
1008,2021-01-05,39.95148086547852,0.0016208731119742303
1009,2021-01-06,41.49375915527344,0.038603782798138475
1010,2021-01-07,41.26287841796875,-0.005564228018982598
1011,2021-01-08,41.08740997314453,-0.004252452847492316
1012,2021-01-11,41.10587692260742,0.00044945518529782014
1013,2021-01-12,42.64815521240234,0.037519654250380174
1014,2021-01-13,42.56504821777344,-0.001948665638994207
1015,2021-01-14,43.28538131713867,0.016923112495487613
1016,2021-01-15,42.92521667480469,-0.008320699307120982
1017,2021-01-19,43.45161437988281,0.012263134489594707
1018,2021-01-20,43.46085357666016,0.00021263184139885816
1019,2021-01-21,42.77744674682617,-0.015724652729807498
1020,2021-01-22,42.87903594970703,0.0023748309122353373
1021,2021-01-25,43.00833511352539,0.0030154400852204777
1022,2021-01-26,42.87903594970703,-0.0030063745429126376
1023,2021-01-27,41.69692611694336,-0.02756847971465992
1024,2021-01-28,42.59274673461914,0.021484092500328567
1025,2021-01-29,41.7246322631836,-0.020381744263746726
1026,2021-02-01,42.12175369262695,0.009517673563626872
1027,2021-02-02,42.76821517944336,0.015347449480232811
1028,2021-02-03,42.38033676147461,-0.009069315058889416
1029,2021-02-04,42.25104141235352,-0.003050833452522772
1030,2021-02-05,41.9739875793457,-0.006557325541491021
1031,2021-02-08,42.74050521850586,0.018261730261180498
1032,2021-02-09,42.71280288696289,-0.0006481517099843348
1033,2021-02-10,43.1191520690918,0.009513521816966408
1034,2021-02-11,43.30385971069336,0.004283656629091359
1035,2021-02-12,43.33156204223633,0.0006397196861445131
1036,2021-02-16,43.10834503173828,-0.005151372347954375
1037,2021-02-17,43.75008773803711,0.014886739582007813
1038,2021-02-18,43.98260498046875,0.005314669168754227
1039,2021-02-19,44.71735382080078,0.01670544163217058
1040,2021-02-22,45.76831817626953,0.023502382535432575
1041,2021-02-23,45.8148307800293,0.0010162620260729671
1042,2021-02-24,46.36355972290039,0.011977102905949888
1043,2021-02-25,45.24748992919922,-0.02407213338172376
1044,2021-02-26,44.54064178466797,-0.015621820031062161
1045,2021-03-01,45.312591552734375,0.017331357096253885
1046,2021-03-02,45.23818588256836,-0.0016420528514556887
1047,2021-03-03,45.51720428466797,0.006167762845837865
1048,2021-03-04,45.01496887207031,-0.011033968814442963
1049,2021-03-05,46.45656967163086,0.032024920502721876
1050,2021-03-08,47.22850799560547,0.016616343596415062
1051,2021-03-09,46.689083099365234,-0.011421595115611693
1052,2021-03-10,47.25641632080078,0.012151303554797321
1053,2021-03-11,47.44242858886719,0.0039362330567696
1054,2021-03-12,48.214393615722656,0.016271616985404913
1055,2021-03-15,48.49340057373047,0.005786798030305018
1056,2021-03-16,47.526126861572266,-0.019946502012939682
1057,2021-03-17,48.0562744140625,0.011154865491866728
1058,2021-03-18,48.1492805480957,0.0019353588093793395
1059,2021-03-19,47.58194351196289,-0.011782876705002998
1060,2021-03-22,47.01460266113281,-0.011923448454505436
1061,2021-03-23,46.03804016113281,-0.020771471941149255
1062,2021-03-24,46.41006088256836,0.008080724551555063
1063,2021-03-25,47.56333541870117,0.024849666520605274
1064,2021-03-26,47.95396041870117,0.008212733538582206
1065,2021-03-29,47.74935150146485,-0.004266778290047735
1066,2021-03-30,48.20508575439453,0.009544302458551757
1067,2021-03-31,47.600547790527344,-0.012540958166682104
1068,2021-04-01,47.8237533569336,0.004689138607994581
1069,2021-04-05,47.85165786743164,0.0005834864170901621
1070,2021-04-06,48.00047302246094,0.0031099268376777456
1071,2021-04-07,48.102783203125,0.002131441092594777
1072,2021-04-08,47.88887023925781,-0.004446997650092155
1073,2021-04-09,48.02837371826172,0.0029130668213079858
1074,2021-04-12,48.77241897583008,0.015491785375307376
1075,2021-04-13,48.63291549682617,-0.0028602944437313704
1076,2021-04-14,49.17234420776367,0.011091843979057936
1077,2021-04-15,49.13513946533203,-0.0007566192548079664
1078,2021-04-16,49.71177673339844,0.011735740945098216
1079,2021-04-19,49.814090728759766,0.0020581440070033263
1080,2021-04-20,48.91193389892578,-0.018110474699744583
1081,2021-04-21,49.758277893066406,0.01730342529268114
1082,2021-04-22,49.23744583129883,-0.010467244523351016
1083,2021-04-23,49.63737106323242,0.008122379729116114
1084,2021-04-26,49.63737106323242,0.0
1085,2021-04-27,49.78618621826172,0.0029980466701131636
1086,2021-04-28,49.776885986328125,-0.00018680346176391804
1087,2021-04-29,50.42793273925781,0.013079298554524055
1088,2021-04-30,49.97219467163086,-0.009037413252361293
1089,2021-05-03,50.70695114135742,0.014703305999559824
1090,2021-05-04,51.05107116699219,0.006786446786663403
1091,2021-05-05,51.50680541992188,0.008927026260407978
1092,2021-05-06,52.25085067749024,0.014445571832738313
1093,2021-05-07,52.18574905395508,-0.0012459438016998448
1094,2021-05-10,52.57636260986328,0.007485061783904845
1095,2021-05-11,51.35799026489258,-0.023173385994985862
1096,2021-05-12,50.641845703125,-0.013944170285361102
1097,2021-05-13,51.618408203125,0.01928370671410451
1098,2021-05-14,52.51126480102539,0.01729725167786822
1099,2021-05-17,52.47406768798828,-0.0007083644467155148
1100,2021-05-18,52.3056640625,-0.0032092733212453206
1101,2021-05-19,52.16533660888672,-0.0026828347584996193
1102,2021-05-20,52.06243133544922,-0.001972675345872643
1103,2021-05-21,52.380516052246094,0.006109678488647408
1104,2021-05-24,52.73601150512695,0.006786787906523761
1105,2021-05-25,52.16533660888672,-0.010821351102457855
1106,2021-05-26,52.623756408691406,0.008787824053388515
1107,2021-05-27,53.15700149536133,0.010133162720817213
1108,2021-05-28,53.02603149414063,-0.0024638335033273506
1109,2021-06-01,53.5218620300293,0.009350700437453119
1110,2021-06-02,53.46573257446289,-0.0010487201572866311
1111,2021-06-03,53.55928421020508,0.0017497494420728454
1112,2021-06-04,53.774452209472656,0.004017380038596086
1113,2021-06-07,53.69025802612305,-0.0015656911393842066
1114,2021-06-08,53.59670639038086,-0.001742432224793422
1115,2021-06-09,52.94182968139648,-0.012218599856014922
1116,2021-06-10,52.57696914672852,-0.00689172506624125
1117,2021-06-11,52.623756408691406,0.0008898813058682009
1118,2021-06-14,51.85661315917969,-0.014577888426547503
1119,2021-06-15,51.82854843139648,-0.0005411986258543333
1120,2021-06-16,51.547889709472656,-0.005415137610796039
1121,2021-06-17,50.01361083984375,-0.02976414511391645
1122,2021-06-18,48.72257995605469,-0.02581359078278256
1123,2021-06-21,49.64875411987305,0.01900913631120771
1124,2021-06-22,49.42422103881836,-0.004522431328539911
1125,2021-06-23,49.293251037597656,-0.0026499153343830795
1126,2021-06-24,49.73295974731445,0.008920261911339766
1127,2021-06-25,50.72462463378906,0.019939792272832824
1128,2021-06-28,49.92940902709961,-0.0156771117071951
1129,2021-06-29,50.09781265258789,0.003372834342919573
1130,2021-06-30,50.20071792602539,0.0020540871544854067
1131,2021-07-01,50.518802642822266,0.006336258323349053
1132,2021-07-02,50.65912628173828,0.0027776517172850568
1133,2021-07-06,49.83586120605469,-0.01625107134902104
1134,2021-07-07,50.29427337646485,0.009198439824583016
1135,2021-07-08,48.95645523071289,-0.02659981059350569
1136,2021-07-09,49.91070556640625,0.0194918184169246
1137,2021-07-12,50.2100715637207,0.00599803176326863
1138,2021-07-13,49.66746139526367,-0.010806799344398765
1139,2021-07-14,49.84521865844727,0.0035789480313674904
1140,2021-07-15,50.13523483276367,0.005818334879894138
1141,2021-07-16,49.69552612304688,-0.008770452780036408
1142,2021-07-19,48.376426696777344,-0.026543625335677667
1143,2021-07-20,49.56455612182617,0.024560090651093436
1144,2021-07-21,50.406532287597656,0.016987465068827978
1145,2021-07-22,49.67681884765625,-0.01447656497729266
1146,2021-07-23,49.92940902709961,0.005084668972423101
1147,2021-07-26,50.23813629150391,0.006183274955983142
1148,2021-07-27,50.33169174194336,0.0018622396718022127
1149,2021-07-28,50.32234191894531,-0.0001857641313942615
1150,2021-07-29,52.02500534057617,0.03383513876149391
1151,2021-07-30,51.4543342590332,-0.010969169110260135
1152,2021-08-02,51.18302536010742,-0.005272809430590386
1153,2021-08-03,52.0156478881836,0.016267552029566756
1154,2021-08-04,51.3982048034668,-0.011870333443584125
1155,2021-08-05,51.987586975097656,0.01146697971037125
1156,2021-08-06,52.61439514160156,0.012056881324462143
1157,2021-08-09,52.49277877807617,-0.0023114655827189967
1158,2021-08-10,53.04473876953125,0.010514969950221165
1159,2021-08-11,53.27862930297852,0.004409306914743727
1160,2021-08-12,53.66219329833984,0.007199209145943186
1161,2021-08-13,53.56863021850586,-0.0017435567591097545
1162,2021-08-16,53.81187438964844,0.004540795053940894
1163,2021-08-17,53.73659896850586,-0.0013988626487438927
1164,2021-08-18,53.040313720703125,-0.012957374697472268
