Date,Adj Close,daily_return
2017-01-03,49.26649856567383,
2017-01-04,49.769779205322266,0.010215474090929044
2017-01-05,50.44338607788086,0.013534455714172777
2017-01-06,50.621463775634766,0.0035302486926427346
2017-01-09,49.91688537597656,-0.013918570248798945
2017-01-10,49.46007537841797,-0.009151412274982285
2017-01-11,49.018741607666016,-0.008923030694460543
2017-01-12,49.638160705566406,0.012636372897086412
2017-01-13,49.08067321777344,-0.011231026288418655
2017-01-17,49.15035629272461,0.001419766078635254
2017-01-18,49.2432746887207,0.0018904928265972565
2017-01-19,48.77871322631836,-0.009434008305478359
2017-01-20,49.05744934082031,0.0057142982269480225
2017-01-23,48.79419708251953,-0.005366203539688086
2017-01-24,48.22897720336914,-0.011583752022694571
2017-01-25,47.772159576416016,-0.009471849776677699
2017-01-26,47.6328010559082,-0.002917149271531194
2017-01-27,47.24566650390625,-0.008127478196118698
2017-01-30,46.99790573120117,-0.005244095195156007
2017-01-31,47.05210113525391,0.0011531450861386183
2017-02-01,46.37849044799805,-0.014316272196209345
2017-02-02,47.04435348510742,0.014357152004677243
2017-02-03,46.750144958496094,-0.006253854178365215
2017-02-06,46.88950347900391,0.002980921676960291
2017-02-07,46.96692657470703,0.0016511818202080697
2017-02-08,47.55538558959961,0.012529221258635204
2017-02-09,47.547630310058594,-0.0001630788909576797
2017-02-10,47.95026016235352,0.008467926785612034
2017-02-13,48.11284637451172,0.003390726382040521
2017-02-14,48.00444793701172,-0.0022530040450365885
2017-02-15,47.74119186401367,-0.005483993344605809
2017-02-16,47.91153335571289,0.003568019252313981
2017-02-17,47.67926406860352,-0.004847878388381299
2017-02-21,48.32963943481445,0.013640633489542475
2017-02-22,47.95026016235352,-0.007849826253569003
2017-02-23,48.59288787841797,0.013401965159075102
2017-02-24,48.6083869934082,0.0003189585074467871
2017-02-27,48.980018615722656,0.007645421815063447
2017-02-28,48.83292007446289,-0.003003235715646424
2017-03-01,48.79419708251953,-0.000792969002965882
2017-03-02,48.980018615722656,0.003808271153409315
2017-03-03,48.2522087097168,-0.01485932277233215
2017-03-06,48.32963943481445,0.0016047084095875963
2017-03-07,48.430294036865234,0.002082668176875968
2017-03-08,48.523197174072266,0.0019182856320532071
2017-03-09,48.10511016845703,-0.008616229555430732
2017-03-10,47.97347640991211,-0.0027363778626420254
2017-03-13,48.44579315185547,0.009845372428456622
2017-03-14,48.25995635986328,-0.0038359737740214506
2017-03-15,49.10390853881836,0.017487628307450542
2017-03-16,49.08067321777344,-0.0004731867938079226
2017-03-17,49.11164855957031,0.0006311107767293933
2017-03-20,48.92583084106445,-0.003783577296951668
2017-03-21,48.77096939086914,-0.003165228827659128
2017-03-22,49.065189361572266,0.006032686542380095
2017-03-23,49.28685760498047,0.004517831201560796
2017-03-24,49.12294006347656,-0.00332578601008926
2017-03-27,48.54539489746094,-0.011757137607588675
2017-03-28,48.70930099487305,0.003376346979117484
2017-03-29,48.61564254760742,-0.001922804174001258
2017-03-30,48.537593841552734,-0.0016054237271112548
2017-03-31,48.56100463867188,0.0004823229844390653
2017-04-03,48.49857711791992,-0.0012855483780960242
2017-04-04,48.646854400634766,0.0030573532570723483
2017-04-05,49.17757797241211,0.010909720234046905
2017-04-06,49.09174346923828,-0.001745399157762062
2017-04-07,49.20099258422852,0.002225407110641786
2017-04-10,49.552207946777344,0.007138379615971413
2017-04-11,49.88780975341797,0.006772691279490317
2017-04-12,49.51318740844727,-0.00750929629547481
2017-04-13,49.35709381103516,-0.0031525661259586
2017-04-17,50.03610229492188,0.013757059653599635
2017-04-18,50.254638671875,0.004367573950205594
2017-04-19,50.215599060058594,-0.0007768359866500152
2017-04-20,50.26243209838867,0.0009326392437152276
2017-04-21,50.16878128051758,-0.0018632368940637578
2017-04-24,50.10634231567383,-0.001244578067277069
2017-04-25,50.67608642578125,0.011370698474017393
2017-04-26,50.94924545288086,0.005390294443902377
2017-04-27,50.363895416259766,-0.011488885290017459
2017-04-28,50.402923583984375,0.0007749235320668735
2017-05-01,50.59803009033203,0.003870936296434424
2017-05-02,50.519996643066406,-0.0015422230297565953
2017-05-03,49.88780975341797,-0.012513597222006179
2017-05-04,50.27023315429688,0.007665668281873428
2017-05-05,51.11315155029297,0.016767743913358668
2017-05-08,50.74631881713867,-0.007176875657791348
2017-05-09,50.605838775634766,-0.002768280434490622
2017-05-10,50.8477897644043,0.0047810884005350385
2017-05-11,50.58243179321289,-0.005218672678220737
2017-05-12,50.65266799926758,0.001388549414583773
2017-05-15,50.605838775634766,-0.0009245164269232609
2017-05-16,50.3560905456543,-0.0049351662974651545
2017-05-17,50.215599060058594,-0.0027899601433183374
2017-05-18,51.050724029541016,0.016630787745528952
2017-05-19,51.15998458862305,0.002140235249529665
2017-05-22,51.011695861816406,-0.0028985295441159575
2017-05-23,50.67608642578125,-0.006579068395300425
2017-05-24,50.88681411743164,0.0041583260767190655
2017-05-25,50.78535461425781,-0.0019938269851143
2017-05-26,50.8634033203125,0.0015368349132838244
2017-05-30,50.97267150878906,0.002148267346336441
2017-05-31,50.80095672607422,-0.0033687616840964996
2017-06-01,50.67608642578125,-0.002458030484864371
2017-06-02,52.07312774658203,0.02756805861176459
2017-06-05,52.61946105957031,0.010491655420566515
2017-06-06,52.21363067626953,-0.007712553019905366
2017-06-07,52.36191940307617,0.0028400386045943637
2017-06-08,52.63507843017578,0.005216749695458267
2017-06-09,52.78335571289063,0.0028170810633738608
2017-06-12,52.25264358520508,-0.01005453557315128
2017-06-13,52.37751770019531,0.002389814302631521
2017-06-14,52.43994903564453,0.0011919491069922739
2017-06-15,52.89262771606445,0.008632324949672032
2017-06-16,53.51700973510742,0.011804707877149712
2017-06-19,53.173606872558594,-0.006416704973775
2017-06-20,53.197021484375,0.0004403427413250949
2017-06-21,53.07994079589844,-0.002200888042405702
2017-06-22,52.71353149414063,-0.006902971183911366
2017-06-23,52.84720230102539,0.002535796845628102
2017-06-26,52.79216003417969,-0.001041536059603998
2017-06-27,52.21815490722656,-0.010872923679983715
2017-06-28,52.18671798706055,-0.0006020304666426446
2017-06-29,52.13166427612305,-0.0010549372150812086
2017-06-30,51.76211166381836,-0.007088832045478166
2017-07-03,52.34396743774414,0.011240958979896076
2017-07-05,52.50909423828125,0.003154648159475304
2017-07-06,51.022979736328125,-0.028302040313422316
2017-07-07,51.0937614440918,0.0013872515507611372
2017-07-10,50.89717864990234,-0.003847491134599035
2017-07-11,50.64554977416992,-0.004943866878422742
2017-07-12,51.14878082275391,0.009936333020925225
2017-07-13,51.11734008789063,-0.0006146917748095504
2017-07-14,51.47115707397461,0.0069216626975430184
2017-07-17,52.09235763549805,0.012068906098820387
2017-07-18,51.93509292602539,-0.003018959337050431
2017-07-19,52.807891845703125,0.016805571541403053
2017-07-20,52.807891845703125,0.0
2017-07-21,52.807891845703125,0.0
2017-07-24,52.406864166259766,-0.007594086138017042
2017-07-25,51.9508171081543,-0.008702048202286372
2017-07-26,52.96513748168945,0.019524627907651304
2017-07-27,53.075225830078125,0.0020785058554173563
2017-07-28,53.24034118652344,0.0031109685142731713
2017-07-31,53.51554489135742,0.00516908229175006
2017-08-01,53.34256362915039,-0.0032323554316452396
2017-08-02,53.2796516418457,-0.001179395646262238
2017-08-03,52.917964935302734,-0.006788458546506337
2017-08-04,52.933692932128906,0.00029721469533838807
2017-08-07,52.87076568603516,-0.001188793802360033
2017-08-08,52.80001449584961,-0.0013381911396119772
2017-08-09,52.9572868347168,0.002978641963811368
2017-08-10,52.74497985839844,-0.004009022912767057
2017-08-11,52.66634368896485,-0.0014908749542552613
2017-08-14,53.45264053344727,0.014929778477239752
2017-08-15,53.71212387084961,0.004854453116118096
2017-08-16,53.39760971069336,-0.005855552480339421
2017-08-17,53.19316864013672,-0.0038286558455387087
2017-08-18,52.815731048583984,-0.007095602709930371
2017-08-21,53.28752136230469,0.008932761212501417
2017-08-22,53.26393508911133,-0.00044262282407536713
2017-08-23,53.45264053344727,0.0035428370814178933
2017-08-24,53.444786071777344,-0.0001469424445929013
2017-08-25,53.42119598388672,-0.0004413917544536794
2017-08-28,52.9730110168457,-0.00838964682064025
2017-08-29,52.80001449584961,-0.0032657483060776205
2017-08-30,52.92581558227539,0.0023825956796976744
2017-08-31,52.80001449584961,-0.002376932410804722
2017-09-01,52.67420196533203,-0.002382812423800895
2017-09-05,52.79216003417969,0.0022393897666506124
2017-09-06,52.85505676269531,0.0011914028233530605
2017-09-07,53.24821472167969,0.0074384171177706015
2017-09-08,53.53914642333984,0.005463689312041886
2017-09-11,53.94801712036133,0.007636854980624941
2017-09-12,53.16172409057617,-0.014575012609469695
2017-09-13,52.92581558227539,-0.0044375631591414555
2017-09-14,52.988731384277344,0.0011887545106252784
2017-09-15,53.374000549316406,0.0072707754077949716
2017-09-18,52.94940948486328,-0.007955016676346238
2017-09-19,52.54841232299805,-0.007573213105990684
2017-09-20,52.4619026184082,-0.0016462857918160267
2017-09-21,52.265323638916016,-0.0037470806372015275
2017-09-22,52.19720077514648,-0.0013034046099126284
2017-09-25,52.35565948486328,0.003035770259010695
2017-09-26,52.316043853759766,-0.0007566637779621299
2017-09-27,51.99119186401367,-0.006209414279377823
2017-09-28,52.165504455566406,0.0033527331323479626
2017-09-29,52.23681640625,0.0013670327053836306
2017-10-02,51.975364685058594,-0.005005123573344816
2017-10-03,51.93573760986328,-0.0007624203396249252
2017-10-04,52.70426940917969,0.014797744957230519
2017-10-05,52.74388885498047,0.0007517312400857623
2017-10-06,52.62504577636719,-0.0022532103944788995
2017-10-09,52.64088439941406,0.00030097119752037216
2017-10-10,52.60919952392578,-0.000601906215098369
2017-10-11,52.664649963378906,0.0010540065227166995
2017-10-12,53.26680374145508,0.011433737402505972
2017-10-13,53.47281265258789,0.0038674915080831873
2017-10-16,53.29850387573242,-0.003259764508516727
2017-10-17,52.989505767822266,-0.005797500594586946
2017-10-18,52.86272811889648,-0.0023925048382461567
2017-10-19,52.339805603027344,-0.00989208341069725
2017-10-20,52.403202056884766,0.0012112474077234925
2017-10-23,52.823123931884766,0.008013286564896749
2017-10-24,52.12589645385742,-0.01319928520180702
2017-10-25,52.989505767822266,0.016567759457706943
2017-10-26,53.20342254638672,0.004036964970040469
2017-10-27,53.59957504272461,0.007445996467473348
2017-10-30,53.10044097900391,-0.009312276511946882
2017-10-31,53.29059219360352,0.0035809724193212045
2017-11-01,53.726348876953125,0.008176990823568042
2017-11-02,52.96573638916016,-0.014157159451407275
2017-11-03,54.04326629638672,0.020343904959793546
2017-11-06,54.83559036254883,0.014660921155594142
2017-11-07,55.11288070678711,0.0050567586198115855
2017-11-08,55.75464630126953,0.011644566320108796
2017-11-09,55.36642456054688,-0.006963038356030404
2017-11-10,54.86727523803711,-0.009015379383292443
2017-11-13,55.58035659790039,0.012996478443109138
2017-11-14,55.44565963745117,-0.002423463408550819
2017-11-15,54.692962646484375,-0.0135753996956397
2017-11-16,54.843505859375,0.002752515234248465
2017-11-17,54.13042449951172,-0.01300211116502481
2017-11-20,53.813507080078125,-0.005854700427048276
2017-11-21,53.95611953735352,0.0026501238260345783
2017-11-22,53.98781204223633,0.0005873755406162751
2017-11-24,54.04326629638672,0.0010271624659841105
2017-11-27,53.5837287902832,-0.008503140864641656
2017-11-28,53.00535583496094,-0.010793816861568328
2017-11-29,52.87857818603516,-0.0023917894131398887
2017-11-30,52.94195556640625,0.0011985454704950271
2017-12-01,52.71219253540039,-0.004339904496305613
2017-12-04,52.52996063232422,-0.0034571110460599463
2017-12-05,51.90404891967773,-0.011915328035889239
2017-12-06,51.816890716552734,-0.001679217805529376
2017-12-07,51.61880874633789,-0.0038227297600388344
2017-12-08,52.14173889160156,0.010130612425277574
2017-12-11,52.2288818359375,0.0016712703908303705
2017-12-12,52.52996063232422,0.005764603525928003
2017-12-13,51.999114990234375,-0.010105578525090086
2017-12-14,51.816890716552734,-0.0035043725978002316
2017-12-15,52.02289581298828,0.003975636005688399
2017-12-18,51.975364685058594,-0.0009136578651937066
2017-12-19,50.94535827636719,-0.019817204072211214
2017-12-20,50.557106018066406,-0.007620954517477352
2017-12-21,50.22434616088867,-0.006581861253269206
2017-12-22,50.54919052124024,0.006467866387169341
2017-12-26,50.786888122558594,0.00470230282359263
2017-12-27,50.77104187011719,-0.00031201463659613626
2017-12-28,50.905738830566406,0.0026530273062703724
2017-12-29,50.92490768432617,0.0003765558500892219
2018-01-02,50.717262268066406,-0.004077482428577417
2018-01-03,50.980804443359375,0.005196301288898697
2018-01-04,50.10236358642578,-0.017230815922286147
2018-01-05,50.06245040893555,-0.0007966326263507684
2018-01-08,50.3978385925293,0.006699396071389474
2018-01-09,49.79093170166016,-0.01204231982597559
2018-01-10,49.0802001953125,-0.014274316267192222
2018-01-11,48.680912017822266,-0.00813542275502721
2018-01-12,48.24967956542969,-0.008858347851714465
2018-01-16,48.44933319091797,0.004137926454361951
2018-01-17,48.593074798583984,0.0029668438799681507
2018-01-18,48.27363967895508,-0.006573675795428668
2018-01-19,48.28961563110352,0.00033094567251801266
2018-01-22,48.85659408569336,0.011741208688036187
2018-01-23,49.343727111816406,0.009970671006428011
2018-01-24,49.06422805786133,-0.005664327976719563
2018-01-25,48.88056182861328,-0.003743383652779597
2018-01-26,49.144081115722656,0.005391085479609092
2018-01-29,48.88056182861328,-0.005362177522230005
2018-01-30,48.36947250366211,-0.010455880739324797
2018-01-31,49.19998550415039,0.01717018932603409
2018-02-01,48.17782211303711,-0.020775684802326944
2018-02-02,47.87436294555664,-0.006298731536026669
2018-02-05,46.35707092285156,-0.03169320549352406
2018-02-06,46.08555603027344,-0.005857032965477571
2018-02-07,45.406776428222656,-0.014728684223857313
2018-02-08,44.129051208496094,-0.028139527185911173
2018-02-09,45.23907470703125,0.025154030466022048
2018-02-12,45.20713424682617,-0.0007060369915150577
2018-02-13,45.510589599609375,0.006712554508019997
2018-02-14,45.25504302978516,-0.005615101278020007
2018-02-15,46.24527359008789,0.02188110968430612
2018-02-16,46.29319763183594,0.001036301399637951
2018-02-20,46.0296516418457,-0.0056929744211273725
2018-02-21,44.616188049316406,-0.030707675207437668
2018-02-22,44.85575485229492,0.005369504062375574
2018-02-23,45.510589599609375,0.01459867857470587
2018-02-26,45.62238693237305,0.0024565125116426945
2018-02-27,44.5842399597168,-0.022755209502631102
2018-02-28,44.90366363525391,0.007164497495655953
2018-03-01,44.97554016113281,0.0016006828855379407
2018-03-02,44.68805694580078,-0.00639199027520454
2018-03-05,45.0953254699707,0.00911358765640391
2018-03-06,45.43072128295898,0.007437485138268141
2018-03-07,46.1813850402832,0.016523263028311197
2018-03-08,46.53274154663086,0.0076081846839624045
2018-03-09,47.522987365722656,0.021280624914383317
2018-03-12,47.51499176025391,-0.00016824711391161262
2018-03-13,47.41119384765625,-0.0021845297400322483
2018-03-14,47.54693984985352,0.0028631635523344023
2018-03-15,47.6906852722168,0.003023231838204632
2018-03-16,48.097957611083984,0.008539871812335953
2018-03-19,48.169830322265625,0.001494298609574951
2018-03-20,48.12989807128906,-0.0008289888236975296
2018-03-21,48.01809310913086,-0.0023229835640332652
2018-03-22,47.71464538574219,-0.006319445520233891
2018-03-23,47.0296745300293,-0.014355568404110342
2018-03-26,47.52928924560547,0.010623393008113657
2018-03-27,47.82746505737305,0.006273517161739406
2018-03-28,49.600345611572266,0.03706825256309321
2018-03-29,49.65676498413086,0.0011374794240430752
2018-04-02,49.18935775756836,-0.009412760309937096
2018-04-03,50.24503326416016,0.021461461476987465
2018-04-04,50.88971328735352,0.01283072139297814
2018-04-05,51.00252914428711,0.002216869572374325
2018-04-06,50.80912780761719,-0.003791995022889627
2018-04-09,50.204734802246094,-0.011895362732057824
2018-04-10,50.52708053588867,0.006420624168463007
2018-04-11,50.390079498291016,-0.002711437829865271
2018-04-12,49.51976013183594,-0.01727164106745649
2018-04-13,49.680931091308594,0.003254679728730059
2018-04-16,49.705108642578125,0.00048665656497259846
2018-04-17,50.30949401855469,0.012159421686865235
2018-04-18,49.94686126708984,-0.007208038135527839
2018-04-19,48.91536712646485,-0.02065183105519064
2018-04-20,48.43989944458008,-0.009720210842034782
2018-04-23,48.681671142578125,0.00499116845349068
2018-04-24,48.92342758178711,0.004966066972124539
2018-04-25,48.60107803344727,-0.006588858636303652
2018-04-26,49.26188659667969,0.013596582421024683
2018-04-27,49.92268753051758,0.013414040336052091
2018-04-30,49.729278564453125,-0.00387416975390642
2018-05-01,50.14026641845703,0.008264504651344096
2018-05-02,49.56810760498047,-0.011411164206856839
2018-05-03,49.64062881469727,0.0014630619005013834
2018-05-04,50.0435676574707,0.008117118021964576
2018-05-07,50.365909576416016,0.0064412257965222874
2018-05-08,50.075801849365234,-0.005760001745041987
2018-05-09,50.41425704956055,0.0067588573262078455
2018-05-10,50.6963119506836,0.005594744773205207
2018-05-11,50.40619659423828,-0.005722612657258708
2018-05-14,50.19667053222656,-0.004156752069559455
2018-05-15,49.157135009765625,-0.0207092524551713
2018-05-16,48.55272674560547,-0.012295433084944518
2018-05-17,48.14175415039063,-0.008464459624855869
2018-05-18,48.053104400634766,-0.0018414316495184435
2018-05-21,48.5849609375,0.011068099418322097
2018-05-22,48.68972396850586,0.002156285175172412
2018-05-23,49.76150894165039,0.022012549790543012
2018-05-24,49.31829833984375,-0.008906695380285656
2018-05-25,49.76957702636719,0.009150329628442533
2018-05-29,49.85016632080078,0.0016192481280461468
2018-05-30,51.42962646484375,0.03168414993600366
2018-05-31,51.56662368774414,0.002663780243359115
2018-06-01,51.43769073486328,-0.002500317912252692
2018-06-04,52.06625747680664,0.012219964251181548
2018-06-05,51.59080123901367,-0.009131753669922693
2018-06-06,51.84061813354492,0.0048422759199624466
2018-06-07,51.663330078125,-0.0034198676983985266
2018-06-08,52.058197021484375,0.0076430795839574905
2018-06-11,51.60693359375,-0.008668441351284972
2018-06-12,51.743919372558594,0.002654406477372806
2018-06-13,50.93000030517578,-0.015729752930437213
2018-06-14,51.37322235107422,0.008702573006923675
2018-06-15,51.15564727783203,-0.00423518446546578
2018-06-18,50.30143737792969,-0.01669825220396559
2018-06-19,49.97103118896485,-0.006568523807429116
2018-06-20,50.49484252929688,0.010482300002000011
2018-06-21,50.65601348876953,0.0031918301236237845
2018-06-22,51.306278228759766,0.01283687158158231
2018-06-25,51.745216369628906,0.008555252028066507
2018-06-26,51.23313522338867,-0.00989620262832247
2018-06-27,50.95676803588867,-0.0053943055855351085
2018-06-28,51.45259094238281,0.009730265980466779
2018-06-29,51.76959228515625,0.006161037509819778
2018-07-02,51.59077453613281,-0.0034541077325561664
2018-07-03,51.69644546508789,0.0020482524231355548
2018-07-05,52.30606842041016,0.01179235728564687
2018-07-06,52.66372680664063,0.0068377990743977435
2018-07-09,52.46864700317383,-0.0037042536731791698
2018-07-10,52.72874069213867,0.0049571258993796885
2018-07-11,52.72874069213867,0.0
2018-07-12,52.94008255004883,0.004008096061768107
2018-07-13,52.428001403808594,-0.009672843742850601
2018-07-16,52.37110137939453,-0.0010852983690110563
2018-07-17,51.90777206420898,-0.008847041650490328
2018-07-18,52.06222152709961,0.0029754592953745718
2018-07-19,52.25730895996094,0.0037471976250529337
2018-07-20,51.387577056884766,-0.01664325852949211
2018-07-23,51.395694732666016,0.00015796961534619847
2018-07-24,51.61516189575195,0.004270146832871857
2018-07-25,52.51741027832031,0.01748029744420143
2018-07-26,52.428001403808594,-0.0017024616034547746
2018-07-27,52.04595565795898,-0.007287055306706036
2018-07-30,51.83462905883789,-0.00406038464371572
2018-07-31,53.18394470214844,0.026031162329317015
2018-08-01,53.57410430908203,0.007336041151491113
2018-08-02,53.62286758422852,0.0009102023407645543
2018-08-03,54.38693618774414,0.014248932180201956
2018-08-06,54.460086822509766,0.001345003780192977
2018-08-07,54.38693618774414,-0.001343197174915045
2018-08-08,54.09431076049805,-0.005380435960502528
2018-08-09,54.37066650390625,0.005108776496511203
2018-08-10,53.61473846435547,-0.013903232904023177
2018-08-13,53.931739807128906,0.00591257836656589
2018-08-14,54.13494873046875,0.003767891116929656
2018-08-15,54.59014129638672,0.00840847874788464
2018-08-16,54.77709197998047,0.0034246235520574153
2018-08-17,55.1510124206543,0.006826219267179967
2018-08-20,55.06972122192383,-0.0014739747316048213
2018-08-21,54.44382858276367,-0.01136545864537597
2018-08-22,54.37881851196289,-0.0011940760319960608
2018-08-23,54.34629440307617,-0.0005981025291964537
2018-08-24,54.80961990356445,0.008525429481021973
2018-08-27,54.850242614746094,0.000741160242547112
2018-08-28,55.21602249145508,0.0066687011628758786
2018-08-29,55.20790481567383,-0.00014701667043304223
2018-08-30,54.996559143066406,-0.0038281777457966903
2018-08-31,55.06972122192383,0.0013303028407123385
2018-09-04,54.47636413574219,-0.010774652077690572
2018-09-05,54.80961990356445,0.006117437775249979
2018-09-06,55.26480865478516,0.0083049061829219
2018-09-07,54.65515899658203,-0.01103142620128017
2018-09-10,55.11037063598633,0.008328795446972626
2018-09-11,55.27291870117188,0.0029495004898298927
2018-09-12,55.07784271240234,-0.0035293230998747482
2018-09-13,55.3867301940918,0.005608198623580085
2018-09-14,55.13474655151367,-0.00454953093809829
2018-09-17,55.59806442260742,0.00840337355429499
2018-09-18,55.085968017578125,-0.009210687644389814
2018-09-19,54.46821975708008,-0.01121425805390075
2018-09-20,55.20790481567383,0.013580121801164635
2018-09-21,55.46190643310547,0.004600819724633443
2018-09-24,54.15913009643555,-0.023489570057265263
2018-09-25,54.27384567260742,0.002118120729923234
2018-09-26,53.24964904785156,-0.018870905720115294
2018-09-27,53.21687316894531,-0.0006155135196627137
2018-09-28,54.29023361206055,0.020169551106614003
2018-10-01,54.10996627807617,-0.0033204376181635853
2018-10-02,54.27384567260742,0.0030286360499478526
2018-10-03,53.55281448364258,-0.013285058024343321
2018-10-04,53.22507858276367,-0.006119863242276646
2018-10-05,53.16772079467773,-0.0010776459070277467
2018-10-08,53.5036506652832,0.006318304895986948
2018-10-09,53.70848846435547,0.003828482664738564
2018-10-10,53.003849029541016,-0.013119703327381882
2018-10-11,51.51263046264648,-0.028134156182948677
2018-10-12,51.3487548828125,-0.003181269882010951
2018-10-15,51.60275650024414,0.004946597400683261
2018-10-16,52.74984359741211,0.022229182605052245
2018-10-17,52.495849609375,-0.004815066182481953
2018-10-18,52.77442169189453,0.005306554415109188
2018-10-19,53.15132522583008,0.007141784255561667
2018-10-22,52.06158828735352,-0.02050253561593185
2018-10-23,52.22547149658203,0.003147871869063179
2018-10-24,53.61017227172852,0.026513897059543323
2018-10-25,54.12635803222656,0.009628504043629915
2018-10-26,53.12675094604492,-0.018468027824567135
2018-10-29,54.25745391845703,0.02128311918717629
2018-10-30,53.89694595336914,-0.006644395176185314
2018-10-31,53.22507858276367,-0.012465778138649242
2018-11-01,53.11035919189453,-0.002155363485105144
2018-11-02,52.79900741577149,-0.005862354931513214
2018-11-05,53.80681228637695,0.01908757228463398
2018-11-06,54.50325393676758,0.012943373167768168
2018-11-07,55.28164291381836,0.014281513869866203
2018-11-08,55.14235305786133,-0.002519640311236415
2018-11-09,55.289825439453125,0.0026743940621658524
2018-11-12,55.740482330322266,0.008150810520511476
2018-11-13,55.83061218261719,0.0016169550123517062
2018-11-14,56.33861541748047,0.009099008859183577
2018-11-15,55.53564453125,-0.014252584666490153
2018-11-16,56.83021545410156,0.023310631105093238
2018-11-19,56.86300277709961,0.0005769346946173926
2018-11-20,56.98589324951172,0.0021611674799137948
2018-11-21,56.94491958618164,-0.0007190141453197185
2018-11-23,56.62538146972656,-0.005611354248581946
2018-11-26,56.90394973754883,0.004919494767045229
2018-11-27,57.231693267822266,0.0057595919401913775
2018-11-28,57.53487396240234,0.005297426605243016
2018-11-29,57.57582092285156,0.000711689409035321
2018-11-30,58.37880325317383,0.013946519866355311
2018-12-03,58.89498519897461,0.008841941201881642
2018-12-04,57.9773063659668,-0.015581612422644553
2018-12-06,59.52588272094727,0.02671004315387626
2018-12-07,58.7229118347168,-0.013489441055326123
2018-12-10,58.59182357788086,-0.0022323187447670367
2018-12-11,58.51808547973633,-0.0012585049182931574
2018-12-12,56.94491958618164,-0.02688341357475621
2018-12-13,57.3709831237793,0.007482028962264797
2018-12-14,57.30543518066406,-0.0011425277997034744
2018-12-17,55.502872467041016,-0.031455353369888805
2018-12-18,55.97809219360352,0.008562074455600532
2018-12-19,55.90435409545898,-0.0013172670817275245
2018-12-20,55.8142204284668,-0.001612283487584465
2018-12-21,55.09318161010742,-0.012918550377022275
2018-12-24,52.17629623413086,-0.052944580268013186
2018-12-26,53.60196685791016,0.02732410551684028
2018-12-27,54.12635803222656,0.009783058440867798
2018-12-28,54.27384567260742,0.002724876487958827
2018-12-31,54.52992630004883,0.004718306290402596
2019-01-02,52.67123794555664,-0.03408565682382969
2019-01-03,53.00167083740234,0.006273497732999012
2019-01-04,53.33210754394531,0.00623445829767677
2019-01-07,53.7781982421875,0.00836439283549062
2019-01-08,54.7860107421875,0.01874016856164218
2019-01-09,54.7860107421875,0.0
2019-01-10,55.68644714355469,0.016435516825717977
2019-01-11,55.80210113525391,0.002076878623645806
2019-01-14,55.86818313598633,0.0011842206545635836
2019-01-15,56.55384063720703,0.012272772492919248
2019-01-16,57.066017150878906,0.009056440869462667
2019-01-17,57.75167083740234,0.012015096212350196
2019-01-18,57.92515563964844,0.003003978927891726
2019-01-22,58.15644454956055,0.003992892334220954
2019-01-23,58.10688018798828,-0.0008522591426651793
2019-01-24,58.11513137817383,0.00014200022714794258
2019-01-25,58.37947463989258,0.004548613337868712
2019-01-28,59.246883392333984,0.014858111652972683
2019-01-29,59.7838249206543,0.009062780986548669
2019-01-30,59.47818756103516,-0.005112375463175556
2019-01-31,59.9407958984375,0.007777781340892798
2019-02-01,59.49469757080078,-0.007442315720875281
2019-02-04,60.13079071044922,0.010691593799455168
2019-02-05,60.26296615600586,0.0021981325040794086
2019-02-06,60.30425262451172,0.0006851051506322481
2019-02-07,60.7503662109375,0.007397713544408546
2019-02-08,60.667755126953125,-0.0013598450369424198
2019-02-11,60.68426132202149,0.0002720752570097851
2019-02-12,59.92427062988281,-0.012523686959058145
2019-02-13,60.54383087158203,0.010339053528509057
2019-02-14,60.40340423583984,-0.0023194210495210976
2019-02-15,60.47774124145508,0.0012306757633229193
2019-02-19,60.74209976196289,0.004371170534500868
2019-02-20,60.0399169921875,-0.011560067441315214
2019-02-21,61.01470184326172,0.016235612904012875
2019-02-22,61.32037353515625,0.005009803910535515
2019-02-25,60.717315673828125,-0.009834543179721211
2019-02-26,60.8990592956543,0.0029932749794554514
2019-02-27,60.57688522338867,-0.005290296368972269
2019-02-28,60.87426376342773,0.004909109125410094
2019-03-01,60.717315673828125,-0.00257823388566214
2019-03-04,61.11384582519531,0.006530758927112856
2019-03-05,61.072532653808594,-0.0006760034625359346
2019-03-06,60.75861740112305,-0.005140039868085755
2019-03-07,60.65946960449219,-0.0016318310203849995
2019-03-08,60.83297348022461,0.0028602933204606718
2019-03-11,61.493839263916016,0.01086361139171066
2019-03-12,61.99774169921875,0.008194356399510383
2019-03-13,61.88209915161133,-0.001865270321755541
2019-03-14,62.00600814819336,0.0020023399057367275
2019-03-15,61.75817489624024,-0.003996923191068813
2019-03-18,61.11384582519531,-0.01043309767698708
2019-03-19,60.717315673828125,-0.006488384849832385
2019-03-20,60.81645965576172,0.0016328782132957187
2019-03-21,61.782962799072266,0.015892130991860265
2019-03-22,61.93112564086914,0.002398118107069802
2019-03-25,61.98939895629883,0.0009409374498956513
2019-03-26,62.547096252441406,0.00899665596912369
2019-03-27,62.4139289855957,-0.002129071928587023
2019-03-28,62.95501327514648,0.008669287422614413
2019-03-29,62.69693374633789,-0.00409942775614458
2019-04-01,62.4139289855957,-0.004513853291249981
2019-04-02,63.00494766235352,0.009469339398489485
2019-04-03,62.75522232055664,-0.0039635830369254554
2019-04-04,62.66365051269531,-0.0014591902390780342
2019-04-05,62.9383430480957,0.004383602505646289
2019-04-08,62.896728515625,-0.0006611952341818439
2019-04-09,62.75522232055664,-0.0022498180494905373
2019-04-10,63.55433654785156,0.01273382832129899
2019-04-11,63.83737182617188,0.004453437699050156
2019-04-12,64.46997833251953,0.009909657748289336
2019-04-15,64.59484100341797,0.0019367568305115324
2019-04-16,63.0382194519043,-0.024098233347014553
2019-04-17,61.83956146240234,-0.019014781824802207
2019-04-18,62.48883438110352,0.01049931311521246
2019-04-22,61.73968124389648,-0.011988591956094918
2019-04-23,62.39727783203125,0.010651117318487557
2019-04-24,62.82181167602539,0.006803723796043659
2019-04-25,63.23800277709961,0.006624945858303644
2019-04-26,63.429466247558594,0.0030276647277089896
2019-04-29,62.6802978515625,-0.011811046825968341
2019-04-30,63.612606048583984,0.014874023081851817
2019-05-01,63.69584655761719,0.0013085536689005917
2019-05-02,63.595947265625,-0.0015683800026399242
2019-05-03,63.75409698486328,0.0024867892694124816
2019-05-06,63.43778991699219,-0.004961360647084301
2019-05-07,62.23912811279297,-0.018895075092742908
2019-05-08,61.96443176269531,-0.004413563596196823
2019-05-09,62.28074645996094,0.005104778471575644
2019-05-10,63.121490478515625,0.013499260467200402
2019-05-13,63.129791259765625,0.000131504835945373
2019-05-14,63.10482025146485,-0.0003955503067960553
2019-05-15,63.42113876342773,0.0050125887484091525
2019-05-16,63.93721771240234,0.008137333372389977
2019-05-17,63.779090881347656,-0.002473157836894835
2019-05-20,63.05486297607422,-0.011355256013616866
2019-05-21,63.56264877319336,0.008053079067221525
2019-05-22,63.79572677612305,0.0036669019845501083
2019-05-23,64.18695831298828,0.006132566499919001
2019-05-24,64.25354766845703,0.0010374281196507962
2019-05-28,63.43778991699219,-0.0126959176740572
2019-05-29,62.988277435302734,-0.007085878658093847
2019-05-30,63.11315536499024,0.001982558259602696
2019-05-31,63.73746109008789,0.009891847769093909
2019-06-03,63.462772369384766,-0.004309690345444928
2019-06-04,62.83013534545898,-0.009968632007494538
2019-06-05,64.30349731445312,0.023449925117830173
2019-06-06,64.75298309326172,0.006990067377059539
2019-06-07,64.91114044189453,0.0024424720078921602
2019-06-10,64.78628540039062,-0.0019234763193796134
2019-06-11,64.76133728027344,-0.0003850833546483745
2019-06-12,64.63645935058594,-0.0019282790462935573
2019-06-13,64.86952209472656,0.0036057473828585707
2019-06-14,65.14422607421875,0.004234715635657693
2019-06-17,65.48551177978516,0.00523892486154609
2019-06-18,64.96941375732422,-0.007881102375689952
2019-06-19,65.28572082519531,0.004868553517391572
2019-06-20,65.61869812011719,0.005100308164069034
2019-06-21,64.9527587890625,-0.010148621507785283
2019-06-24,65.15254974365234,0.0030759425513959826
2019-06-25,64.0204849243164,-0.017375602701507953
2019-06-26,62.97164535522461,-0.016382874486685184
2019-06-27,63.41447067260742,0.007032138272468957
2019-06-28,63.67446899414063,0.004099984101034515
2019-07-01,63.858985900878906,0.0028978161836772376
2019-07-02,64.94091796875,0.01694251877958819
2019-07-03,65.7041244506836,0.011752320506169145
2019-07-05,65.35189819335938,-0.005360793713773515
2019-07-08,66.11510467529297,0.011678413374856644
2019-07-09,66.52606201171875,0.006215785915247185
2019-07-10,66.7357406616211,0.0031518271721149294
2019-07-11,66.50090789794922,-0.0035188455442874966
2019-07-12,66.13187408447266,-0.005549304891338869
2019-07-15,66.36671447753906,0.0035510923638188974
2019-07-16,66.13187408447266,-0.0035385267285739097
2019-07-17,65.95574188232422,-0.0026633481144577864
2019-07-18,65.913818359375,-0.0006356311331319198
2019-07-19,64.70606994628906,-0.018323144420204218
2019-07-22,64.47962951660156,-0.0034995237676381796
2019-07-23,65.38542938232422,0.014047845381764068
2019-07-24,64.94091796875,-0.0067983252197527655
2019-07-25,65.50284576416016,0.00865290810457231
2019-07-26,65.88864135742188,0.005889753166614442
2019-07-29,66.76930236816406,0.01336590029175011
2019-07-30,66.7105941772461,-0.0008792691976060585
2019-07-31,66.16543579101562,-0.008171991165031645
2019-08-01,66.7441177368164,0.008745985556999125
2019-08-02,67.49896240234375,0.011309530953781177
2019-08-05,65.5699462890625,-0.028578455795851943
2019-08-06,66.37509155273438,0.012279181381702253
2019-08-07,66.91188049316406,0.008087204520135671
2019-08-08,67.8009033203125,0.013286472007602024
2019-08-09,68.16156005859375,0.005319350047261029
2019-08-12,68.11962127685547,-0.0006152849450955511
2019-08-13,67.84284210205078,-0.004063134374746258
2019-08-14,66.9454116821289,-0.013228078189471137
2019-08-15,68.06090545654297,0.016662736793832345
2019-08-16,68.47186279296875,0.006038082121728072
2019-08-19,69.41959381103516,0.013841174745485851
2019-08-20,69.14283752441406,-0.003986717170579301
2019-08-21,69.30217742919922,0.0023045034090318772
2019-08-22,69.61251831054688,0.004478082693212704
2019-08-23,69.40281677246094,-0.003012411318757957
2019-08-26,70.12410736083984,0.01039281432544259
2019-08-27,70.26670837402344,0.0020335519203089625
2019-08-28,70.140869140625,-0.0017908798677263027
2019-08-29,70.67767333984375,0.0076532299327873865
2019-08-30,71.088623046875,0.005814420418952526
2019-09-03,71.95249938964844,0.012152104032227662
2019-09-04,72.3718490600586,0.005828145984745126
2019-09-05,72.12023162841797,-0.003476730730367472
2019-09-06,72.84150695800781,0.010001012383127561
2019-09-09,71.38215637207031,-0.02003460179343619
2019-09-10,70.8370132446289,-0.007636966367335796
2019-09-11,71.09701538085938,0.0036704277089234516
2019-09-12,71.59184265136719,0.006959888088931443
2019-09-13,70.91250610351562,-0.00948902169147603
2019-09-16,71.33186340332031,0.005913728379483896
2019-09-17,72.01958465576172,0.009641150807359944
2019-09-18,71.51636505126953,-0.006987260574987664
2019-09-19,71.71765899658203,0.0028146557108739145
2019-09-20,71.43246459960938,-0.003976627248614584
2019-09-23,71.48282623291016,0.000705024439280777
2019-09-24,71.68411254882812,0.002815869580507613
2019-09-25,72.20409393310547,0.007253788402878714
2019-09-26,72.76603698730469,0.007782703494899401
2019-09-27,72.81501770019531,0.0006731260203050038
2019-09-30,72.82344055175781,0.00011567464828732277
2019-10-01,72.74746704101562,-0.0010432562670283918
2019-10-02,72.68836212158203,-0.0008124670430142977
2019-10-03,73.51573181152344,0.011382423070112724
2019-10-04,73.84496307373047,0.004478378356500556
2019-10-07,74.08979797363281,0.0033155260658452868
2019-10-08,73.9124984741211,-0.002393035267484689
2019-10-09,73.93782806396484,0.0003426969777327038
2019-10-10,74.427490234375,0.006622620426266046
2019-10-11,73.98004150390625,-0.006011874497712011
2019-10-14,73.93782806396484,-0.0005706057888488214
2019-10-15,73.92092895507812,-0.000228558362197262
2019-10-16,74.30928802490234,0.005253709271703322
2019-10-17,74.08135223388672,-0.0030673930147095962
2019-10-18,74.60476684570312,0.007065403047232577
2019-10-21,74.90025329589844,0.003960691289424334
2019-10-22,74.66387176513672,-0.003155951019656489
2019-10-23,74.15733337402344,-0.0067842502556879625
2019-10-24,73.93782806396484,-0.002959994650178266
2019-10-25,74.0222396850586,0.001141656758171461
2019-10-28,73.82807922363281,-0.002623001712078299
2019-10-29,73.92938995361328,0.0013722520082581902
2019-10-30,75.01000213623047,0.01461681454824948
2019-10-31,74.8495864868164,-0.002138590119257988
2019-11-01,74.41059112548828,-0.005865033889070892
2019-11-04,73.47350311279297,-0.012593476258171088
2019-11-05,71.59928894042969,-0.025508708486188247
2019-11-06,72.24935150146484,0.009079176213272255
2019-11-07,70.97457122802734,-0.017644175995291222
2019-11-08,70.8985824584961,-0.001070647813948944
2019-11-11,71.05056762695312,0.002143698268523231
2019-11-12,70.4173812866211,-0.008911770327529767
2019-11-13,71.64996337890625,0.017503946749569677
2019-11-14,72.41822052001953,0.01072236613786548
2019-11-15,72.99229431152344,0.007927201019047425
2019-11-18,73.4397201538086,0.006129768169439664
2019-11-19,73.50726318359375,0.0009197070691948639
2019-11-20,73.1611328125,-0.004708791432341153
2019-11-21,71.80191802978516,-0.018578372565639323
2019-11-22,71.58242797851562,-0.0030568828423006567
2019-11-25,71.35448455810547,-0.003184348824806116
2019-11-26,72.07206726074219,0.010056588693488244
2019-11-27,72.29158020019531,0.003045742238237281
2019-11-29,71.84412384033203,-0.006189605464760217
2019-12-02,70.49336242675781,-0.018801278954646006
2019-12-03,70.78885650634766,0.0041918000421226065
2019-12-04,71.12654876708984,0.0047704155344268084
2019-12-05,71.37135314941406,0.0034418144359267266
2019-12-06,71.28695678710938,-0.0011824963179275505
2019-12-09,71.37981414794922,0.001302585564385339
2019-12-10,71.03368377685547,-0.00484913522436925
2019-12-11,69.80108642578125,-0.01735229380678449
2019-12-12,69.04129028320312,-0.010885162129761539
2019-12-13,68.39122009277344,-0.00941567267591814
2019-12-16,68.80489349365234,0.006048633147906379
2019-12-17,67.63141632080078,-0.01705514118643059
2019-12-18,67.78337860107422,0.0022469184964666322
2019-12-19,67.84246826171875,0.0008717426287097041
2019-12-20,67.79181671142578,-0.0007466053578353282
2019-12-23,67.29371643066406,-0.007347498635152605
2019-12-24,67.85933685302734,0.008405248697269885
2019-12-26,68.0366439819336,0.002612862682261019
2019-12-27,68.3405532836914,0.0044668473336002545
2019-12-30,68.14639282226562,-0.0028410724247401875
2019-12-31,68.79936981201172,0.009581974374625268
2020-01-02,67.82160186767578,-0.01421187355360376
2020-01-03,68.69735717773438,0.012912630871904973
2020-01-06,68.89288330078125,0.002846195706495802
2020-01-07,67.87263488769531,-0.014809198921630351
2020-01-08,68.01715850830078,0.0021293356423337517
2020-01-09,68.36575317382812,0.005125098918750126
2020-01-10,69.08843994140625,0.010570888698331338
2020-01-13,69.95565795898438,0.012552288317895233
2020-01-14,69.00341033935547,-0.013612160151323494
2020-01-15,69.77711486816406,0.011212554930307927
2020-01-16,70.15119171142578,0.00536102479972822
2020-01-17,70.1427001953125,-0.0001210459281748566
2020-01-21,70.8228759765625,0.009697028762166937
2020-01-22,70.04916381835938,-0.010924608010258852
2020-01-23,70.63581848144531,0.008374898872556935
2020-01-24,70.36376953125,-0.0038514305637553647
2020-01-27,70.00667572021484,-0.005074967037923761
2020-01-28,70.32975769042969,0.00461501659507535
2020-01-29,69.94715881347656,-0.005440071024234272
2020-01-30,71.39253234863281,0.020663791920563
2020-01-31,70.63581848144531,-0.010599342008099977
2020-02-03,70.43177032470703,-0.0028887349382364924
2020-02-04,71.11195373535156,0.009657337981265002
2020-02-05,70.83139038085938,-0.003945375422201525
2020-02-06,71.3074951171875,0.00672166300517496
2020-02-07,71.58806610107422,0.003934663297674668
2020-02-10,72.21723175048828,0.008788694592276824
2020-02-11,72.0896987915039,-0.0017659629965464108
2020-02-12,72.0896987915039,0.0
2020-02-13,72.45527648925781,0.005071150301393601
2020-02-14,73.50956726074219,0.014550917787756745
2020-02-18,73.34801483154297,-0.002197706165595892
2020-02-19,72.55731964111328,-0.010780048952185872
2020-02-20,73.45852661132812,0.012420621029999968
2020-02-21,73.9771728515625,0.0070603953572137
2020-02-24,72.93992614746094,-0.014021172533625115
2020-02-25,71.00141906738281,-0.026576762309288515
2020-02-26,70.87389373779297,-0.001796095504356332
2020-02-27,66.70782470703125,-0.05878143292330773
2020-02-28,63.851104736328125,-0.04282436105883114
2020-03-02,67.22647094726562,0.052863082398902916
2020-03-03,66.79286193847656,-0.006449974283630033
2020-03-04,68.89288330078125,0.03144080522016002
2020-03-05,67.48153686523438,-0.020486099113968592
2020-03-06,66.01066589355469,-0.021796643052411913
2020-03-09,63.31547927856445,-0.04082956259426851
2020-03-10,67.9576416015625,0.0733179686214529
2020-03-11,63.851104736328125,-0.0604278896155801
2020-03-12,59.523529052734375,-0.06777605025730393
2020-03-13,62.58430862426758,0.05142133909468871
2020-03-16,51.99913024902344,-0.16913470177953915
2020-03-17,56.50526809692383,0.08665794651411529
2020-03-18,51.75255584716797,-0.08411095831991278
2020-03-19,51.53151321411133,-0.004271144283374273
2020-03-20,47.48073959350586,-0.07860769785227673
2020-03-23,44.1315803527832,-0.07053721718312778
2020-03-24,44.78424453735352,0.014789050819231653
2020-03-25,46.86244583129883,0.046404741565126306
2020-03-26,50.86425018310547,0.08539469677303702
2020-03-27,53.82696914672852,0.058247569814901645
2020-03-30,53.74109649658203,-0.0015953461899815835
2020-03-31,52.99396133422852,-0.013902491967223374
2020-04-01,49.55034637451172,-0.0649812709413854
2020-04-02,46.86244583129883,-0.05424584770603191
2020-04-03,46.59622573852539,-0.005680883446241958
2020-04-06,51.619964599609375,0.10781428713292529
2020-04-07,52.10945510864258,0.009482581261532008
2020-04-08,56.033973693847656,0.07531298450584223
2020-04-09,59.614994049072266,0.06390802078021807
2020-04-13,57.107421875,-0.04206277655598101
2020-04-14,59.18561553955078,0.036390955786791634
2020-04-15,56.6694564819336,-0.0425130166287746
2020-04-16,56.01680374145508,-0.01151683430538264
2020-04-17,59.932743072509766,0.06990651143054616
2020-04-20,56.34313583374024,-0.059893925336049314
2020-04-21,54.79736328125,-0.027434975523044636
2020-04-22,56.38607406616211,0.028992467698819357
2020-04-23,54.79736328125,-0.02817558787738894
2020-04-24,54.951942443847656,0.0028209233682334744
2020-04-27,56.0769157409668,0.020471947798181844
2020-04-28,55.70764923095703,-0.006585000354076165
2020-04-29,56.52346420288086,0.014644577238245304
2020-04-30,55.87081146240234,-0.011546580693213349
2020-05-01,53.50923156738281,-0.042268580555854696
2020-05-04,53.672393798828125,0.003049235181780574
2020-05-05,53.59510040283203,-0.0014400959324788465
2020-05-06,52.40142822265625,-0.02227203925739274
2020-05-07,54.14471054077149,0.03326783977543424
2020-05-08,55.14944839477539,0.01855652831031973
2020-05-11,54.53973388671875,-0.011055677360399585
2020-05-12,51.619964599609375,-0.05353471825098843
2020-05-13,50.34039688110352,-0.024788233165807583
2020-05-14,49.39577102661133,-0.01876476772170188
2020-05-15,49.06085586547852,-0.006780239566508084
2020-05-18,51.9205207824707,0.058288117207599965
2020-05-19,49.56752395629883,-0.04531920694767544
2020-05-20,50.60662460327149,0.020963335749608625
2020-05-21,49.74786376953125,-0.01696933633634845
2020-05-22,49.292724609375,-0.009148918680504381
2020-05-26,51.757354736328125,0.049999876178164815
2020-05-27,51.63713073730469,-0.0023228389402029093
2020-05-28,52.27261352539063,0.012306702154286198
2020-05-29,52.00640106201172,-0.005092771251041461
2020-06-01,52.47013092041016,0.00891678425979725
2020-06-02,51.9205207824707,-0.010474723967682564
2020-06-03,52.92527389526367,0.019351753365543845
2020-06-04,52.95103454589844,0.0004867362743505854
2020-06-05,57.02155303955078,0.07687325712444726
2020-06-08,58.54154968261719,0.026656528313287353
2020-06-09,56.15419006347656,-0.040780601676649986
2020-06-10,55.49296569824219,-0.0117751563060019
2020-06-11,52.95103454589844,-0.04580636699372276
2020-06-12,54.59126281738281,0.030976321530840067
2020-06-15,54.39374542236328,-0.0036181136838739913
2020-06-16,55.55307388305664,0.02131363545001852
2020-06-17,53.68956756591797,-0.03354461214984239
2020-06-18,53.19149017333984,-0.009276986482832261
2020-06-19,51.667816162109375,-0.028645070974043563
2020-06-22,51.41632843017578,-0.004867396197751894
2020-06-23,50.96537399291992,-0.008770646427394446
2020-06-24,49.84669494628906,-0.021949785883770168
2020-06-25,50.64452362060547,0.01600564842214891
2020-06-26,49.43043899536133,-0.023972673419523916
2020-06-29,50.01145935058594,0.011754302956506812
2020-06-30,51.00874328613281,0.019941108467877333
2020-07-01,52.75180816650391,0.03417188442760488
2020-07-02,52.54368591308594,-0.003945310324928841
2020-07-06,51.676490783691406,-0.016504269053925658
2020-07-07,49.94208526611328,-0.033562757286249134
2020-07-08,49.84669494628906,-0.001910018761049681
2020-07-09,49.17895126342773,-0.013395946984666618
2020-07-10,49.17028045654297,-0.00017631134178341945
2020-07-13,49.44778060913086,0.005643656086792959
2020-07-14,49.44778060913086,0.0
2020-07-15,50.0548210144043,0.012276393354676562
2020-07-16,49.62122344970703,-0.008662453604069253
2020-07-17,49.41308975219727,-0.004194449129629185
2020-07-20,47.84346389770508,-0.03176538569767129
2020-07-21,47.32314300537109,-0.010875485383886496
2020-07-22,48.30307769775391,0.02070730366052831
2020-07-23,47.54861068725586,-0.015619439722225792
2020-07-24,47.123680114746094,-0.008936761061320686
2020-07-27,46.2478141784668,-0.01858653513788744
2020-07-28,47.40118789672852,0.024938988766278758
2020-07-29,46.473289489746094,-0.01957542517719202
2020-07-30,46.78547286987305,0.0067174797298528155
2020-07-31,46.50797271728516,-0.005931331577212262
2020-08-03,45.380615234375,-0.02424009082836609
2020-08-04,46.36054992675781,0.021593684601272978
2020-08-05,46.2391471862793,-0.002618664805967841
2020-08-06,46.51664352416992,0.006001329063719529
2020-08-07,47.860801696777344,0.028896284657963456
2020-08-10,48.00822830200195,0.0030803204292029207
2020-08-11,47.47924041748047,-0.0110186920707388
2020-08-12,47.53993606567383,0.001278361820022056
2020-08-13,46.40390396118164,-0.02389637425937685
2020-08-14,47.16704559326172,0.01644563424487888
2020-08-17,48.03424453735352,0.018385695631012666
2020-08-18,48.016902923583984,-0.0003610260541528909
2020-08-19,46.95891571044922,-0.02203364125375784
2020-08-20,47.91283798217773,0.020313975680580798
2020-08-21,47.42720413208008,-0.010135777185193873
2020-08-24,48.48518753051758,0.022307521976018707
2020-08-25,49.04887771606445,0.011626028778213504
2020-08-26,47.62666320800781,-0.028995862378128123
2020-08-27,49.10956954956055,0.03113605366548966
2020-08-28,49.456451416015625,0.007063427141323464
2020-08-31,48.95347213745117,-0.010170144928788205
2020-09-01,49.239654541015625,0.005846008282332171
2020-09-02,50.02880859375,0.01602679913355254
2020-09-03,49.77732467651367,-0.005026782054285084
2020-09-04,50.393028259277344,0.012369157779469342
2020-09-08,49.768653869628906,-0.012390094646346106
2020-09-09,49.29169464111328,-0.009583526807155351
2020-09-10,48.39847183227539,-0.01812116250701734
2020-09-11,47.409854888916016,-0.02042661484820063
2020-09-14,49.369728088378906,0.041338941113719496
2020-09-15,48.84940719604492,-0.010539269963215858
2020-09-16,49.31770706176758,0.009586602839278147
2020-09-17,48.37244415283203,-0.0191668057022939
2020-09-18,47.115013122558594,-0.02599477972005304
2020-09-21,45.120452880859375,-0.04233385728898853
2020-09-22,45.66678237915039,0.012108245006618112
2020-09-23,44.44402313232422,-0.026775682084937857
2020-09-24,44.32381439208984,-0.0027047222947500504
2020-09-25,45.25399017333984,0.020985914547462903
2020-09-28,46.10519027709961,0.018809393392700935
2020-09-29,44.8327751159668,-0.027598089357952826
2020-09-30,45.04338455200195,0.004697666729092331
2020-10-01,46.89495849609375,0.04110645686391923
2020-10-02,48.34287643432617,0.03087576969181094
2020-10-05,48.79041290283203,0.009257547368200836
2020-10-06,48.43062973022461,-0.007374054680044262
2020-10-07,48.05329132080078,-0.007791317427126909
2020-10-08,49.30816268920898,0.02611416063117833
2020-10-09,48.84306716918945,-0.00943242446389736
2020-10-12,48.57103729248047,-0.005569467530912586
2020-10-13,46.94761657714844,-0.0334236369208315
2020-10-14,46.34212112426758,-0.012897256496202658
2020-10-15,45.90335464477539,-0.009467984391901774
2020-10-16,45.499698638916016,-0.008793605804697235
2020-10-19,44.49932098388672,-0.021986467711978874
2020-10-20,44.67481994628906,0.003943857086401215
2020-10-21,44.32381439208984,-0.007856899135155526
2020-10-22,44.53440856933594,0.004751264757657747
2020-10-23,45.02583694458008,0.011034801876374623
2020-10-26,44.49053955078125,-0.011888671707706355
2020-10-27,43.60423278808594,-0.01992124104684523
2020-10-28,40.57677459716797,-0.06943037401050589
2020-10-29,40.59432601928711,0.0004325484786158462
2020-10-30,41.22615051269531,0.015564354809290526
2020-11-02,43.270782470703125,0.04959550995133988
2020-11-03,46.09641647338867,0.06530119959348246
2020-11-04,44.543190002441406,-0.03369516742898959
2020-11-05,45.68397521972656,0.025610766027817755
2020-11-06,45.21011352539063,-0.01037260203510737
2020-11-09,52.01970672607422,0.15062101529250138
2020-11-10,53.915164947509766,0.03643731079486212
2020-11-11,52.29174041748047,-0.03011072175351437
2020-11-12,51.35279083251953,-0.017955982674599524
2020-11-13,52.78315353393555,0.02785365076030555
2020-11-16,55.06472396850586,0.04322535282215445
2020-11-17,54.84534454345703,-0.003984028416710195
2020-11-18,52.61642456054688,-0.04064009445950423
2020-11-19,52.52867889404297,-0.0016676478350015067
2020-11-20,53.14294052124024,0.011693833542555154
2020-11-23,52.94111251831055,-0.003797832806203605
2020-11-24,53.77476501464844,0.015746788397194234
2020-11-25,53.04641342163086,-0.013544486764733854
2020-11-27,51.94950866699219,-0.020678207703131668
2020-11-30,50.82626724243164,-0.02162179110799245
2020-12-01,51.765228271484375,0.01847393247617557
2020-12-02,52.96744155883789,0.023224340498383844
2020-12-03,54.362701416015625,0.026341839743719397
2020-12-04,55.60879135131836,0.022921780979332063
2020-12-07,55.02962493896485,-0.010415015293076979
2020-12-08,54.748817443847656,-0.005102842249581907
2020-12-09,53.76598358154297,-0.017951691163242356
2020-12-10,52.46725082397461,-0.024155286875737425
2020-12-11,51.72134780883789,-0.014216544671631248
2020-12-14,50.80872344970703,-0.01764502275740998
2020-12-15,52.054813385009766,0.024525117946255337
2020-12-16,51.817867279052734,-0.004551857754335309
2020-12-17,52.33562469482422,0.009991870429232996
2020-12-18,50.58934020996094,-0.033367032399939656
2020-12-21,50.773624420166016,0.0036427478484646336
2020-12-22,50.76484298706055,-0.00017295265417338612
2020-12-23,50.08037567138672,-0.013483097265725608
2020-12-24,51.07197570800781,0.01980017169055781
2020-12-28,52.14255905151367,0.020962246489673264
2020-12-29,51.21238327026367,-0.017839089568485567
2020-12-30,51.73889923095703,0.010281028280108906
2020-12-31,52.557228088378906,0.015816510779808945
2021-01-04,50.97908401489258,-0.030027155747874734
2021-01-05,50.58012008666992,-0.007826031713439652
2021-01-06,51.96321487426758,0.02734463234226614
2021-01-07,51.33373260498047,-0.012113997773429364
2021-01-08,51.65290451049805,0.006217586162565736
2021-01-11,51.46671676635742,-0.003604593892736152
2021-01-12,51.91000747680664,0.008613153088074643
2021-01-13,52.8143424987793,0.017421207700205166
2021-01-14,53.54134750366211,0.013765295002955202
2021-01-15,54.60525894165039,0.019870837914856665
2021-01-19,53.47042083740234,-0.020782578935496065
2021-01-20,54.67618179321289,0.022550055468557817
2021-01-21,54.80030822753906,0.0022702103595240164
2021-01-22,54.57865524291992,-0.004044739743046755
2021-01-25,54.67618179321289,0.00178689910659946
2021-01-26,55.527305603027344,0.015566628500750745
2021-01-27,53.90485000610352,-0.029219058610964965
2021-01-28,55.287933349609375,0.025657864614209158
2021-01-29,54.64958572387695,-0.011545876053927984
2021-02-01,55.11948013305664,0.008598316033974651
2021-02-02,54.86236572265625,-0.004664674082188847
2021-02-03,55.92627716064453,0.01939237260322746
2021-02-04,56.84834289550781,0.016487164561565626
2021-02-05,57.593074798583984,0.013100327382366439
2021-02-08,58.58606719970703,0.017241524342913817
2021-02-09,58.461944580078125,-0.0021186371702643925
2021-02-10,59.23326873779297,0.013193611044845177
2021-02-11,60.075531005859375,0.014219412266353926
2021-02-12,59.8272819519043,-0.0041322823085969684
2021-02-16,59.561309814453125,-0.004445666404584325
2021-02-17,59.27760314941406,-0.0047632710886122975
2021-02-18,58.94954681396485,-0.00553423752006843
2021-02-19,59.37512969970703,0.007219442875197268
2021-02-22,59.29533386230469,-0.0013439269573963797
2021-02-23,60.74934387207031,0.02452149123811531
2021-02-24,61.4852180480957,0.012113285989969524
2021-02-25,59.16234970092773,-0.037779297543532375
2021-02-26,57.99204254150391,-0.01978128261199641
2021-03-01,59.18007659912109,0.020486156471673178
2021-03-02,59.4017219543457,0.0037452698266347006
2021-03-03,60.793678283691406,0.02343292893791049
2021-03-04,60.040077209472656,-0.012396043396191603
2021-03-05,61.05078887939453,0.016833950202889136
2021-03-08,62.88603591918945,0.030060988129415378
2021-03-09,62.79737091064453,-0.0014099315889278818
2021-03-10,63.32046890258789,0.008329934587352206
2021-03-11,63.48892593383789,0.0026603882467950424
2021-03-12,65.11138916015625,0.025555058657144913
2021-03-15,66.54766082763672,0.02205868567705771
2021-03-16,65.4128189086914,-0.017053070007744253
2021-03-17,65.50146484375,0.0013551768068935655
2021-03-18,65.16456604003906,-0.005143378159779943
2021-03-19,63.32933807373047,-0.028162973803600222
2021-03-22,63.861289978027344,0.008399770477271584
2021-03-23,63.66622924804688,-0.003054443936969853
2021-03-24,63.41798782348633,-0.0038991067555358416
2021-03-25,63.93220138549805,0.00810832351608104
2021-03-26,64.98094940185547,0.01640406545730677
2021-03-29,64.62332916259766,-0.005503462823330252
2021-03-30,65.11506652832031,0.00760928556443452
2021-03-31,64.04218292236328,-0.016476733621863193
2021-04-01,64.8289566040039,0.012285241472708819
2021-04-05,64.5071029663086,-0.004964658611757322
2021-04-06,64.01535034179688,-0.007623232200778873
2021-04-07,64.67696380615234,0.010335231484681628
2021-04-08,64.1584243774414,-0.008017374319936987
2021-04-09,64.09583282470703,-0.000975578084121187
2021-04-12,64.1762924194336,0.0012553014943514906
2021-04-13,64.49816131591797,0.005015386279730194
2021-04-14,63.82761001586914,-0.010396440555326958
2021-04-15,64.57862091064453,0.011766238694957742
2021-04-16,64.92729949951172,0.00539928824664182
2021-04-19,65.29388427734375,0.005646080780470353
2021-04-20,66.24159240722656,0.01451450071276672
2021-04-21,66.93897247314453,0.010527827616684693
2021-04-22,66.14325714111328,-0.011887175775673664
2021-04-23,66.6796875,0.008110129166186475
2021-04-26,66.80484771728516,0.0018770366505564962
2021-04-27,66.50086975097656,-0.004550238144318763
2021-04-28,65.83031463623047,-0.01008340367963756
2021-04-29,65.7498550415039,-0.00122222710268316
2021-04-30,66.36676788330078,0.009382725504222922
2021-05-03,65.62469482421875,-0.011181395188430643
2021-05-04,64.66802978515625,-0.014577820767395666
2021-05-05,64.31041717529297,-0.0055299753379121075
2021-05-06,65.7856216430664,0.022938810422461264
2021-05-07,66.2058334350586,0.006387593238415201
2021-05-10,66.69756317138672,0.007427287156055007
2021-05-11,66.33100128173828,-0.005495881291892379
2021-05-12,64.35511779785156,-0.02978823545108622
2021-05-13,66.00019836425781,0.02556254456053786
2021-05-14,66.22370910644531,0.0033865162185413578
2021-05-17,66.1343002319336,-0.00135010369727262
2021-05-18,66.5992202758789,0.007029938206268627
2021-05-19,65.71409606933594,-0.013290308848608934
2021-05-20,66.62602996826172,0.013877295032158399
2021-05-21,67.0551986694336,0.006441456910704746
2021-05-24,68.11019897460938,0.015733311154243035
2021-05-25,68.09231567382812,-0.0002625642128561978
2021-05-26,68.2979507446289,0.0030199453310679747
2021-05-27,68.56617736816406,0.003927301194410315
2021-05-28,69.24566650390625,0.00990997546930017
2021-06-01,70.82815551757812,0.0228532570133122
2021-06-02,71.5255355834961,0.009846085371302493
2021-06-03,71.08744049072266,-0.006125016600008859
2021-06-04,70.52417755126953,-0.007923522573957786
2021-06-07,71.04275512695312,0.007353188561562529
2021-06-08,71.23049926757812,0.002642692281422665
2021-06-09,70.94440460205078,-0.004016463010495297
2021-06-10,72.24080657958984,0.01827349154328628
2021-06-11,72.19609832763672,-0.0006188780838689567
2021-06-14,72.33914947509766,0.001981424907641749
2021-06-15,71.26625061035156,-0.014831510634714218
2021-06-16,70.80135345458984,-0.006523384516235353
2021-06-17,70.6225357055664,-0.002525626139874948
2021-06-18,69.40660858154297,-0.017217267999166452
2021-06-21,70.95333862304688,0.022285054306993235
2021-06-22,70.68511962890625,-0.0037802166796631065
2021-06-23,70.66724395751953,-0.00025289157718855204
2021-06-24,70.18444061279297,-0.00683206699014316
2021-06-25,70.79080963134766,0.008639650231025087
2021-06-28,70.04298400878906,-0.010563880063711562
2021-06-29,69.88080596923828,-0.002315407343730924
2021-06-30,69.37625122070312,-0.007220219365490221
2021-07-01,70.29525756835938,0.013246699432240217
2021-07-02,70.68269348144531,0.0055115512267547295
2021-07-06,71.0971450805664,0.005863551298167291
2021-07-07,71.6917953491211,0.008363912051332578
2021-07-08,72.4035873413086,0.009928500028786535
2021-07-09,73.61991882324219,0.016799326201888842
2021-07-12,74.25060272216797,0.008566756239436035
2021-07-13,73.20547485351562,-0.01407568195187614
2021-07-14,74.56596374511719,0.018584523825901034
2021-07-15,74.98041534423828,0.005558187386107916
2021-07-16,75.46695709228516,0.006488917750230305
2021-07-19,74.2416000366211,-0.016237000972036397
2021-07-20,76.4760513305664,0.030097025021593282
2021-07-21,76.32289123535156,-0.0020027197083282156
2021-07-22,75.59308624267578,-0.009562072149826406
2021-07-23,76.42198944091797,0.010965330818498042
2021-07-26,76.12467956542969,-0.0038903707907019802
2021-07-27,76.44001770019531,0.0041423903071353685
2021-07-28,75.82735443115234,-0.008014954567984178
2021-07-29,76.10665130615234,0.003683326117537078
2021-07-30,75.80030059814453,-0.004025281663956881
2021-08-02,75.61109924316406,-0.0024960501935674673
2021-08-03,75.9895248413086,0.005004894809524263
2021-08-04,75.68318939208984,-0.004031285231200998
2021-08-05,76.2417984008789,0.007380886208363746
2021-08-06,76.29586029052734,0.0007090846593647004
2021-08-09,75.34982299804688,-0.012399588770321879
2021-08-10,73.97129821777344,-0.01829499692798442
2021-08-11,73.82714080810547,-0.0019488289801750103
2021-08-12,73.8721923828125,0.000610230522459565
2021-08-13,74.4758529663086,0.00817168902159926
2021-08-16,74.4488296508789,-0.0003628466724900914
2021-08-17,74.36773681640625,-0.0010892425690629537
2021-08-18,73.63793182373047,-0.009813462449146049
